{"title_for_plotting":"CMM Tests","eCMM γ=0.0":{"Allocs":496653312,"Time":5.504135542},"eCMM γ=0.5":{"Allocs":45437096,"Time":0.077349744}}