{"title_for_plotting":"NRPMD Tests","RingPolymerMInt":{"Allocs":2786754976,"Time":35.690444332},"Tsit5":{"Allocs":386046000,"Time":3.663043048}}