{"title_for_plotting":"RPeCMM Tests","RPeCMM γ=0.5":{"Allocs":837394784,"Time":1.686016279},"RPeCMM γ=0.0":{"Allocs":995599088,"Time":4.453428315}}