{"title_for_plotting":"SpinMapping Tests","MInt":{"Allocs":21447704,"Time":0.266117456},"Tsit5":{"Allocs":21447704,"Time":0.266117456}}