{"title_for_plotting":"CMM Tests","eCMM γ=0.0":{"Allocs":477987656,"Time":5.55679801},"eCMM γ=0.5":{"Allocs":43942464,"Time":0.070956548}}