{"title_for_plotting":"NRPMD Tests","RingPolymerMInt":{"Allocs":2933251848,"Time":37.347225215},"Tsit5":{"Allocs":388468840,"Time":3.537420767}}