{"title_for_plotting":"RPeCMM Tests","RPeCMM γ=0.5":{"Allocs":1321443184,"Time":2.051799876},"RPeCMM γ=0.0":{"Allocs":1475141696,"Time":4.313055027}}