{"title_for_plotting":"SpinMapping Tests","MInt":{"Allocs":21504296,"Time":0.255236276},"Tsit5":{"Allocs":21504296,"Time":0.255236276}}