{"title_for_plotting":"CMM Tests","eCMM γ=0.0":{"Allocs":466888408,"Time":5.209226732},"eCMM γ=0.5":{"Allocs":15688608,"Time":0.046121364}}