{"title_for_plotting":"Ehrenfest Tests","SpinBoson population":{"Allocs":4913410248,"Time":16.692923223},"TullyModelTwo Feagin12":{"Allocs":207536336,"Time":6.782055145},"TullyModelTwo":{"Allocs":1101744872,"Time":10.866534617},"Ehrenfest RPMD":{"Allocs":2689914008,"Time":33.2311898},"FermiDirac Vern9":{"Allocs":2309269336,"Time":19.821950597},"FermiDirac fixed timestep":{"Allocs":288193808,"Time":2.823200123}}