{"title_for_plotting":"EhrenfestNA Tests","Vern9":{"Allocs":2444645480,"Time":21.734108023},"Fixed timestep":{"Allocs":233698216,"Time":3.060224422}}