{"title_for_plotting":"NRPMD Tests","RingPolymerMInt":{"Allocs":2628695600,"Time":31.181519076},"Tsit5":{"Allocs":364575784,"Time":3.477638908}}