{"title_for_plotting":"RPEhrenfestNA Tests","Vern9":{"Allocs":2667402552,"Time":24.629554834},"Fixed Timestep":{"Allocs":333960912,"Time":3.902270086}}