{"title_for_plotting":"RPeCMM Tests","RPeCMM γ=0.5":{"Allocs":38430192,"Time":0.098880271},"RPeCMM γ=0.0":{"Allocs":191717824,"Time":2.624114348}}