{"title_for_plotting":"SpinMapping Tests","MInt":{"Allocs":19668464,"Time":0.256178152},"Tsit5":{"Allocs":19668464,"Time":0.256178152}}