{"title_for_plotting":"BCBwithTsit5 Tests","Ehrenfest":{"Allocs":3545013160,"Time":41.599950183},"FSSH":{"Allocs":2541578024,"Time":22.715929744}}