{"title_for_plotting":"CMM Tests","eCMM γ=0.0":{"Allocs":470160744,"Time":4.909151093},"eCMM γ=0.5":{"Allocs":13472544,"Time":0.038621283}}