{"title_for_plotting":"EhrenfestNA Tests","Vern9":{"Allocs":2444552552,"Time":21.703561795},"Fixed timestep":{"Allocs":233787552,"Time":3.117145848}}