{"title_for_plotting":"Ehrenfest Tests","SpinBoson population":{"Allocs":4916040096,"Time":16.968913327},"TullyModelTwo Feagin12":{"Allocs":207537712,"Time":6.927777195},"TullyModelTwo":{"Allocs":1103759936,"Time":11.598681549},"Ehrenfest RPMD":{"Allocs":2689767720,"Time":34.109717656},"FermiDirac Vern9":{"Allocs":2309399712,"Time":21.331802265},"FermiDirac fixed timestep":{"Allocs":288107928,"Time":3.152950827}}