{"title_for_plotting":"FSSH Tests","RPSH":{"Allocs":598552888,"Time":12.761445833},"FSSH":{"Allocs":2352741240,"Time":43.132651263}}