{"title_for_plotting":"IESH Tests","VerletwithElectronics":{"Allocs":774055272,"Time":11.457855776},"Tsit5":{"Allocs":1776115800,"Time":29.083736082},"VerletwithElectronics2":{"Allocs":1620707456,"Time":16.143462552},"DecoherenceCorrectionEDC":{"Allocs":795507056,"Time":10.448930307}}