{"title_for_plotting":"NRPMD Tests","RingPolymerMInt":{"Allocs":2628744328,"Time":30.486130017},"Tsit5":{"Allocs":364581032,"Time":3.392105084}}