{"title_for_plotting":"RPEhrenfestNA Tests","Vern9":{"Allocs":2667427568,"Time":24.429101623},"Fixed Timestep":{"Allocs":333976960,"Time":4.009257357}}