{"title_for_plotting":"RPeCMM Tests","RPeCMM γ=0.5":{"Allocs":38403784,"Time":0.131086311},"RPeCMM γ=0.0":{"Allocs":191720360,"Time":2.260664221}}