{"title_for_plotting":"RPMDEF Tests","ThermalLangevin":{"Allocs":679814984,"Time":33.844187573},"RPMDEF":{"Allocs":680667448,"Time":36.340299202}}