{"title_for_plotting":"SpinMapping Tests","MInt":{"Allocs":19635536,"Time":0.240906505},"Tsit5":{"Allocs":19635536,"Time":0.240906505}}