{"title_for_plotting":"BCBwithTsit5 Tests","Ehrenfest":{"Allocs":3018076248,"Time":33.474840968},"FSSH":{"Allocs":2736971624,"Time":20.697314393}}