{"title_for_plotting":"FSSH Tests","RPSH":{"Allocs":1044751840,"Time":12.002428912},"FSSH":{"Allocs":946196480,"Time":11.180905496}}