{"title_for_plotting":"IESH Tests","VerletwithElectronics":{"Allocs":980703104,"Time":11.118377131},"Tsit5":{"Allocs":3091898400,"Time":34.905093102},"DecoherenceCorrectionEDC":{"Allocs":1674221856,"Time":10.644527741}}