{"title_for_plotting":"BCBwithTsit5 Tests","Ehrenfest":{"Allocs":4347171104,"Time":45.550734288},"FSSH":{"Allocs":1280862016,"Time":10.316761279}}