{"title_for_plotting":"CMM Tests","eCMM γ=0.0":{"Allocs":516432112,"Time":5.888454191},"eCMM γ=0.5":{"Allocs":14249152,"Time":0.072885911}}