{"title_for_plotting":"Ehrenfest Tests","SpinBoson population":{"Allocs":5077447264,"Time":18.447685095},"TullyModelTwo Feagin12":{"Allocs":464814176,"Time":7.327147339},"TullyModelTwo":{"Allocs":1511864048,"Time":13.460206119},"Ehrenfest RPMD":{"Allocs":3222591888,"Time":37.137683035},"FermiDirac Vern9":{"Allocs":1052992912,"Time":16.672637332},"FermiDirac fixed timestep":{"Allocs":421420152,"Time":3.744817252}}