{"title_for_plotting":"EhrenfestNA Tests","Vern9":{"Allocs":1194538176,"Time":19.530130278},"Fixed timestep":{"Allocs":384644504,"Time":4.047557627}}