{"title_for_plotting":"FSSH Tests","RPSH":{"Allocs":573689568,"Time":6.743503817},"FSSH":{"Allocs":952555400,"Time":8.222496188}}