{"title_for_plotting":"IESH Tests","VerletwithElectronics":{"Allocs":566182720,"Time":4.96903324},"Tsit5":{"Allocs":450591104,"Time":3.504594195},"VerletwithElectronics2":{"Allocs":1386646232,"Time":9.887011025},"DecoherenceCorrectionEDC":{"Allocs":528149608,"Time":5.009573545}}