{"title_for_plotting":"NRPMD Tests","RingPolymerMInt":{"Allocs":3252625088,"Time":32.778339037},"Tsit5":{"Allocs":430498832,"Time":4.245510535}}