{"title_for_plotting":"RPEhrenfestNA Tests","Vern9":{"Allocs":1418833784,"Time":20.973985308},"Fixed Timestep":{"Allocs":484221632,"Time":4.826187427}}