{"title_for_plotting":"RPeCMM Tests","RPeCMM γ=0.5":{"Allocs":38422832,"Time":0.098198795},"RPeCMM γ=0.0":{"Allocs":400457008,"Time":3.101426463}}