{"title_for_plotting":"RPMDEF Tests","ThermalLangevin":{"Allocs":722497904,"Time":20.563075777},"RPMDEF":{"Allocs":519614224,"Time":20.913819811}}