{"title_for_plotting":"SpinMapping Tests","MInt":{"Allocs":20822080,"Time":0.245208962},"Tsit5":{"Allocs":20822080,"Time":0.245208962}}