{"title_for_plotting":"BCBwithTsit5 Tests","Ehrenfest":{"Allocs":3290020560,"Time":32.712884646},"FSSH":{"Allocs":2991314600,"Time":20.982759753}}