{"title_for_plotting":"FSSH Tests","RPSH":{"Allocs":1169270928,"Time":12.698692921},"FSSH":{"Allocs":917385920,"Time":10.761297503}}