{"title_for_plotting":"IESH Tests","VerletwithElectronics":{"Allocs":972499904,"Time":11.581109204},"Tsit5":{"Allocs":2678880208,"Time":34.320844295},"DecoherenceCorrectionEDC":{"Allocs":1618542080,"Time":10.858952116}}