{"title_for_plotting":"BCBwithTsit5 Tests","Ehrenfest":{"Allocs":3018431040,"Time":33.718829589},"FSSH":{"Allocs":2743365440,"Time":21.362413566}}