{"title_for_plotting":"Classical Tests","Ring Polymer Classical":{"Allocs":4068407056,"Time":31.033654215},"Fermion model ring polymer adiabatic dynamics":{"Allocs":4218319272,"Time":14.371750445},"Classical":{"Allocs":2428921288,"Time":11.024791006},"Fermion model classical adiabatic dynamics":{"Allocs":1013021752,"Time":6.359393321}}