{"title_for_plotting":"FSSH Tests","RPSH":{"Allocs":1045065840,"Time":12.082330749},"FSSH":{"Allocs":946057560,"Time":11.432485021}}