{"title_for_plotting":"IESH Tests","VerletwithElectronics":{"Allocs":980318832,"Time":10.783182836},"Tsit5":{"Allocs":3162127568,"Time":34.313232311},"DecoherenceCorrectionEDC":{"Allocs":1674765384,"Time":10.78984414}}