{"title_for_plotting":"BCBwithTsit5 Tests","Ehrenfest":{"Allocs":3536024584,"Time":40.243643343},"FSSH":{"Allocs":2536158488,"Time":21.690498462}}