{"title_for_plotting":"CMM Tests","eCMM γ=0.0":{"Allocs":460887880,"Time":5.247695915},"eCMM γ=0.5":{"Allocs":13215200,"Time":0.038978958}}