{"title_for_plotting":"EhrenfestNA Tests","Vern9":{"Allocs":2438926288,"Time":21.132364242},"Fixed timestep":{"Allocs":229238840,"Time":2.86881705}}