{"title_for_plotting":"Ehrenfest Tests","SpinBoson population":{"Allocs":4706530064,"Time":16.148533416},"TullyModelTwo Feagin12":{"Allocs":202129936,"Time":6.309103896},"TullyModelTwo":{"Allocs":1092941760,"Time":10.832655697},"Ehrenfest RPMD":{"Allocs":2686941264,"Time":32.742187583},"FermiDirac Vern9":{"Allocs":2302210080,"Time":19.135315815},"FermiDirac fixed timestep":{"Allocs":283686168,"Time":2.703187207}}