{"title_for_plotting":"FSSH Tests","RPSH":{"Allocs":595586648,"Time":11.984167265},"FSSH":{"Allocs":2348580080,"Time":41.952371299}}