{"title_for_plotting":"IESH Tests","VerletwithElectronics":{"Allocs":771501560,"Time":10.918234814},"Tsit5":{"Allocs":1768913280,"Time":27.298262625},"VerletwithElectronics2":{"Allocs":1616263616,"Time":15.127710349},"DecoherenceCorrectionEDC":{"Allocs":797736160,"Time":10.363722674}}