{"title_for_plotting":"NRPMD Tests","RingPolymerMInt":{"Allocs":2617242440,"Time":33.357564581},"Tsit5":{"Allocs":358136704,"Time":3.538167143}}