{"title_for_plotting":"RPEhrenfestNA Tests","Vern9":{"Allocs":2646706904,"Time":23.947496265},"Fixed Timestep":{"Allocs":328892504,"Time":3.700160375}}