{"title_for_plotting":"RPeCMM Tests","RPeCMM γ=0.5":{"Allocs":38055728,"Time":0.101157102},"RPeCMM γ=0.0":{"Allocs":187266800,"Time":2.292415116}}