{"title_for_plotting":"RPMDEF Tests","ThermalLangevin":{"Allocs":679623008,"Time":30.610732265},"RPMDEF":{"Allocs":677977720,"Time":32.374035507}}