{"title_for_plotting":"SpinMapping Tests","MInt":{"Allocs":20573304,"Time":0.26693858},"Tsit5":{"Allocs":20573304,"Time":0.26693858}}