{"title_for_plotting":"BCBwithTsit5 Tests","Ehrenfest":{"Allocs":3016745624,"Time":33.129962004},"FSSH":{"Allocs":2737280960,"Time":20.625331052}}