{"title_for_plotting":"BCBwithTsit5 Tests","Ehrenfest":{"Allocs":3016938688,"Time":33.263856784},"FSSH":{"Allocs":2738177392,"Time":20.600513676}}