{"title_for_plotting":"Classical Tests","Ring Polymer Classical":{"Allocs":4068657144,"Time":30.775877046},"Fermion model ring polymer adiabatic dynamics":{"Allocs":4217858120,"Time":14.074025405},"Classical":{"Allocs":2427329384,"Time":11.074938385},"Fermion model classical adiabatic dynamics":{"Allocs":1012814720,"Time":5.939397527}}