{"title_for_plotting":"FSSH Tests","RPSH":{"Allocs":1045003912,"Time":12.0351814},"FSSH":{"Allocs":946247192,"Time":11.036587934}}