{"title_for_plotting":"FSSH Tests","RPSH":{"Allocs":1045035888,"Time":12.593740648},"FSSH":{"Allocs":946279128,"Time":11.248091394}}