{"title_for_plotting":"IESH Tests","VerletwithElectronics":{"Allocs":980749600,"Time":10.778020685},"Tsit5":{"Allocs":3812983920,"Time":36.494205811},"DecoherenceCorrectionEDC":{"Allocs":1674440328,"Time":11.588207463}}