{"title_for_plotting":"BCBwithTsit5 Tests","Ehrenfest":{"Allocs":3018612128,"Time":33.67821895},"FSSH":{"Allocs":2742801664,"Time":21.406828733}}