{"title_for_plotting":"FSSH Tests","RPSH":{"Allocs":1045015536,"Time":13.829432381},"FSSH":{"Allocs":946051368,"Time":11.570880834}}