{"title_for_plotting":"IESH Tests","VerletwithElectronics":{"Allocs":980276000,"Time":11.686527439},"Tsit5":{"Allocs":3696244240,"Time":35.840660729},"DecoherenceCorrectionEDC":{"Allocs":1674646424,"Time":11.217491957}}