{"title_for_plotting":"BCBwithTsit5 Tests","Ehrenfest":{"Allocs":3018123624,"Time":32.565486539},"FSSH":{"Allocs":2738030080,"Time":20.391710646}}