{"title_for_plotting":"Classical Tests","Ring Polymer Classical":{"Allocs":4070530448,"Time":30.758880897},"Fermion model ring polymer adiabatic dynamics":{"Allocs":4217804328,"Time":14.675051928},"Classical":{"Allocs":2427039432,"Time":10.973280588},"Fermion model classical adiabatic dynamics":{"Allocs":1012874824,"Time":5.763401612}}