{"title_for_plotting":"FSSH Tests","RPSH":{"Allocs":1044798256,"Time":12.147283385},"FSSH":{"Allocs":946160352,"Time":10.873954889}}