{"title_for_plotting":"IESH Tests","VerletwithElectronics":{"Allocs":980210224,"Time":10.983338189},"Tsit5":{"Allocs":3222447672,"Time":34.392234746},"DecoherenceCorrectionEDC":{"Allocs":1674250168,"Time":10.657540623}}