{"title_for_plotting":"BCBwithTsit5 Tests","Ehrenfest":{"Allocs":3018254144,"Time":32.694203458},"FSSH":{"Allocs":2738095160,"Time":20.733276209}}