{"title_for_plotting":"FSSH Tests","RPSH":{"Allocs":1044775408,"Time":11.593861936},"FSSH":{"Allocs":945889528,"Time":10.586171522}}