{"title_for_plotting":"IESH Tests","VerletwithElectronics":{"Allocs":980746728,"Time":11.838414974},"Tsit5":{"Allocs":18365650392,"Time":50.78097581},"DecoherenceCorrectionEDC":{"Allocs":1674247872,"Time":11.06646102}}