{"title_for_plotting":"BCBwithTsit5 Tests","Ehrenfest":{"Allocs":3015856432,"Time":32.758944891},"FSSH":{"Allocs":2743101768,"Time":20.382376205}}