{"title_for_plotting":"Classical Tests","Ring Polymer Classical":{"Allocs":4068428592,"Time":33.111538378},"Fermion model ring polymer adiabatic dynamics":{"Allocs":4217961992,"Time":15.08816616},"Classical":{"Allocs":2428822736,"Time":11.886691935},"Fermion model classical adiabatic dynamics":{"Allocs":1013096392,"Time":6.825007542}}