{"title_for_plotting":"FSSH Tests","RPSH":{"Allocs":1045026680,"Time":11.929545241},"FSSH":{"Allocs":946100640,"Time":10.508334341}}