{"title_for_plotting":"IESH Tests","VerletwithElectronics":{"Allocs":980280200,"Time":10.708041295},"Tsit5":{"Allocs":3106167688,"Time":35.192021348},"DecoherenceCorrectionEDC":{"Allocs":1674628400,"Time":10.670097196}}