{"title_for_plotting":"CMM Tests","eCMM γ=0.0":{"Allocs":488994680,"Time":5.268872999},"eCMM γ=0.5":{"Allocs":52167600,"Time":0.12983814}}