{"title_for_plotting":"NRPMD Tests","RingPolymerMInt":{"Allocs":2935516320,"Time":36.561839416},"Tsit5":{"Allocs":389672432,"Time":3.542992788}}