{"title_for_plotting":"RPeCMM Tests","RPeCMM γ=0.5":{"Allocs":1321465376,"Time":2.046787923},"RPeCMM γ=0.0":{"Allocs":1475284808,"Time":4.592801027}}