{"title_for_plotting":"SpinMapping Tests","MInt":{"Allocs":21688424,"Time":0.281027669},"Tsit5":{"Allocs":21688424,"Time":0.281027669}}