{"title_for_plotting":"BCBwithTsit5 Tests","Ehrenfest":{"Allocs":3011321920,"Time":33.0628431},"FSSH":{"Allocs":2735147856,"Time":20.302607038}}