{"title_for_plotting":"FSSH Tests","RPSH":{"Allocs":1043281048,"Time":11.846689155},"FSSH":{"Allocs":945776616,"Time":10.724983967}}