{"title_for_plotting":"IESH Tests","VerletwithElectronics":{"Allocs":979900264,"Time":11.173983924},"Tsit5":{"Allocs":24701748568,"Time":55.941272906},"DecoherenceCorrectionEDC":{"Allocs":1672059128,"Time":10.819511147}}