{"title_for_plotting":"BCBwithTsit5 Tests","Ehrenfest":{"Allocs":3015009192,"Time":31.991863552},"FSSH":{"Allocs":2743044296,"Time":19.830153393}}