{"title_for_plotting":"FSSH Tests","RPSH":{"Allocs":1045058680,"Time":11.861388876},"FSSH":{"Allocs":945981208,"Time":10.678924707}}