{"title_for_plotting":"IESH Tests","VerletwithElectronics":{"Allocs":980248632,"Time":10.760366459},"Tsit5":{"Allocs":3166194048,"Time":33.204856699},"DecoherenceCorrectionEDC":{"Allocs":1674597744,"Time":10.959567778}}