{"title_for_plotting":"BCBwithTsit5 Tests","Ehrenfest":{"Allocs":3015585304,"Time":32.809664606},"FSSH":{"Allocs":2736476032,"Time":23.739090484}}