{"title_for_plotting":"FSSH Tests","RPSH":{"Allocs":1044402064,"Time":11.717699828},"FSSH":{"Allocs":945717744,"Time":10.518242459}}