{"title_for_plotting":"IESH Tests","VerletwithElectronics":{"Allocs":980315904,"Time":10.876784516},"Tsit5":{"Allocs":3842078112,"Time":34.627045308},"DecoherenceCorrectionEDC":{"Allocs":1673185336,"Time":10.662898911}}