{"title_for_plotting":"CMM Tests","eCMM γ=0.0":{"Allocs":466204016,"Time":4.9244389},"eCMM γ=0.5":{"Allocs":12022176,"Time":0.034173083}}