{"title_for_plotting":"Ehrenfest Tests","SpinBoson population":{"Allocs":4915859056,"Time":17.717022015},"TullyModelTwo Feagin12":{"Allocs":207468656,"Time":6.861628022},"TullyModelTwo":{"Allocs":1101967040,"Time":11.411905076},"Ehrenfest RPMD":{"Allocs":2690018128,"Time":35.666667413},"FermiDirac Vern9":{"Allocs":2309710192,"Time":21.072218853},"FermiDirac fixed timestep":{"Allocs":288102480,"Time":2.970752249}}