{"title_for_plotting":"EhrenfestNA Tests","Vern9":{"Allocs":2444572248,"Time":23.973945939},"Fixed timestep":{"Allocs":233700752,"Time":3.333956822}}