{"title_for_plotting":"NRPMD Tests","RingPolymerMInt":{"Allocs":2629734304,"Time":29.859261081},"Tsit5":{"Allocs":364569504,"Time":3.401636231}}