{"title_for_plotting":"RPEhrenfestNA Tests","Vern9":{"Allocs":2667444104,"Time":26.557272997},"Fixed Timestep":{"Allocs":333967408,"Time":4.305568321}}