{"title_for_plotting":"RPeCMM Tests","RPeCMM γ=0.5":{"Allocs":38430192,"Time":0.10054782},"RPeCMM γ=0.0":{"Allocs":191695224,"Time":2.217175822}}