{"title_for_plotting":"SpinMapping Tests","MInt":{"Allocs":19650808,"Time":0.234953166},"Tsit5":{"Allocs":19650808,"Time":0.234953166}}