{"title_for_plotting":"BCBwithTsit5 Tests","Ehrenfest":{"Allocs":3015521120,"Time":32.672469348},"FSSH":{"Allocs":2737153312,"Time":20.509435938}}