{"title_for_plotting":"FSSH Tests","RPSH":{"Allocs":1044781136,"Time":12.286508006},"FSSH":{"Allocs":945915808,"Time":10.719962981}}