{"title_for_plotting":"IESH Tests","VerletwithElectronics":{"Allocs":980757096,"Time":11.014651523},"Tsit5":{"Allocs":8346850248,"Time":39.966756424},"DecoherenceCorrectionEDC":{"Allocs":1674364976,"Time":10.970173306}}