{"title_for_plotting":"BCBwithTsit5 Tests","Ehrenfest":{"Allocs":4417455336,"Time":47.002270993},"FSSH":{"Allocs":1279794256,"Time":10.718788033}}