{"title_for_plotting":"CMM Tests","eCMM γ=0.0":{"Allocs":517158792,"Time":6.287263862},"eCMM γ=0.5":{"Allocs":12838496,"Time":0.035992247}}