{"title_for_plotting":"EhrenfestNA Tests","Vern9":{"Allocs":1194554296,"Time":18.939587077},"Fixed timestep":{"Allocs":384701120,"Time":3.984700397}}