{"title_for_plotting":"Ehrenfest Tests","SpinBoson population":{"Allocs":5080294520,"Time":18.178922962},"TullyModelTwo Feagin12":{"Allocs":464509112,"Time":7.178185491},"TullyModelTwo":{"Allocs":1511410160,"Time":13.208866537},"Ehrenfest RPMD":{"Allocs":3221019440,"Time":35.820418155},"FermiDirac Vern9":{"Allocs":1052623752,"Time":16.162518166},"FermiDirac fixed timestep":{"Allocs":421425528,"Time":3.689594695}}