{"title_for_plotting":"FSSH Tests","RPSH":{"Allocs":573670280,"Time":6.77466943},"FSSH":{"Allocs":952451848,"Time":8.056140977}}