{"title_for_plotting":"IESH Tests","VerletwithElectronics":{"Allocs":566233080,"Time":4.998106151},"Tsit5":{"Allocs":451435848,"Time":3.866793884},"VerletwithElectronics2":{"Allocs":1385384584,"Time":10.079482547},"DecoherenceCorrectionEDC":{"Allocs":528236480,"Time":5.109198166}}