{"title_for_plotting":"NRPMD Tests","RingPolymerMInt":{"Allocs":3252871520,"Time":35.722640165},"Tsit5":{"Allocs":430754056,"Time":4.532258564}}