{"title_for_plotting":"RPEhrenfestNA Tests","Vern9":{"Allocs":1445174656,"Time":20.6394115},"Fixed Timestep":{"Allocs":484093712,"Time":4.761783675}}