{"title_for_plotting":"RPeCMM Tests","RPeCMM γ=0.5":{"Allocs":38435376,"Time":0.129998236},"RPeCMM γ=0.0":{"Allocs":400647240,"Time":3.10102856}}