{"title_for_plotting":"RPMDEF Tests","ThermalLangevin":{"Allocs":722564336,"Time":20.639490739},"RPMDEF":{"Allocs":519586416,"Time":20.363259896}}