{"title_for_plotting":"SpinMapping Tests","MInt":{"Allocs":20833184,"Time":0.262177616},"Tsit5":{"Allocs":20833184,"Time":0.262177616}}