{"title_for_plotting":"BCBwithTsit5 Tests","Ehrenfest":{"Allocs":4137793784,"Time":44.473560036},"FSSH":{"Allocs":2673159920,"Time":22.570399078}}