{"title_for_plotting":"FSSH Tests","RPSH":{"Allocs":1001482552,"Time":12.536021775},"FSSH":{"Allocs":2348382160,"Time":43.194963155}}