{"title_for_plotting":"IESH Tests","VerletwithElectronics":{"Allocs":778953520,"Time":11.736173845},"Tsit5":{"Allocs":2289321232,"Time":32.482041594},"DecoherenceCorrectionEDC":{"Allocs":768460096,"Time":11.313446946}}