{"title_for_plotting":"BCBwithTsit5 Tests","Ehrenfest":{"Allocs":3013237136,"Time":33.330809501},"FSSH":{"Allocs":2737258376,"Time":21.084018456}}