{"title_for_plotting":"FSSH Tests","RPSH":{"Allocs":1045019496,"Time":12.721292958},"FSSH":{"Allocs":946238712,"Time":10.824487347}}