{"title_for_plotting":"IESH Tests","VerletwithElectronics":{"Allocs":980644704,"Time":10.701509801},"Tsit5":{"Allocs":12913692160,"Time":46.314507509},"DecoherenceCorrectionEDC":{"Allocs":1674517464,"Time":11.15089919}}