{"title_for_plotting":"BCBwithTsit5 Tests","Ehrenfest":{"Allocs":3015623320,"Time":32.825824994},"FSSH":{"Allocs":2738000200,"Time":20.282885978}}