{"title_for_plotting":"FSSH Tests","RPSH":{"Allocs":1044765456,"Time":11.669413105},"FSSH":{"Allocs":945797384,"Time":11.039992603}}