{"title_for_plotting":"IESH Tests","VerletwithElectronics":{"Allocs":980618360,"Time":10.735418711},"Tsit5":{"Allocs":7649250008,"Time":39.972409224},"DecoherenceCorrectionEDC":{"Allocs":1674272536,"Time":11.526017026}}