{"title_for_plotting":"BCBwithTsit5 Tests","Ehrenfest":{"Allocs":4419515416,"Time":47.313072788},"FSSH":{"Allocs":1280156792,"Time":10.688875965}}