{"title_for_plotting":"CMM Tests","eCMM γ=0.0":{"Allocs":516945816,"Time":6.266054866},"eCMM γ=0.5":{"Allocs":13931232,"Time":0.040012095}}