{"title_for_plotting":"EhrenfestNA Tests","Vern9":{"Allocs":1194624912,"Time":19.195528582},"Fixed timestep":{"Allocs":384757576,"Time":3.973117212}}