{"title_for_plotting":"Ehrenfest Tests","SpinBoson population":{"Allocs":5080580528,"Time":18.400612663},"TullyModelTwo Feagin12":{"Allocs":464681848,"Time":7.163142134},"TullyModelTwo":{"Allocs":1511860384,"Time":13.383841879},"Ehrenfest RPMD":{"Allocs":3218844384,"Time":36.491027313},"FermiDirac Vern9":{"Allocs":1052769768,"Time":16.717575541},"FermiDirac fixed timestep":{"Allocs":421561384,"Time":3.740340199}}