{"title_for_plotting":"FSSH Tests","RPSH":{"Allocs":573921800,"Time":7.438709595},"FSSH":{"Allocs":952685192,"Time":8.779626613}}