{"title_for_plotting":"IESH Tests","VerletwithElectronics":{"Allocs":566246248,"Time":5.457409413},"Tsit5":{"Allocs":451006184,"Time":3.597484367},"VerletwithElectronics2":{"Allocs":1385901632,"Time":9.983554977},"DecoherenceCorrectionEDC":{"Allocs":528289896,"Time":5.017554664}}