{"title_for_plotting":"NRPMD Tests","RingPolymerMInt":{"Allocs":3256605560,"Time":33.097738571},"Tsit5":{"Allocs":430524904,"Time":4.224312918}}