{"title_for_plotting":"RPEhrenfestNA Tests","Vern9":{"Allocs":1428081088,"Time":20.674805218},"Fixed Timestep":{"Allocs":484219800,"Time":4.812019927}}