{"title_for_plotting":"RPeCMM Tests","RPeCMM γ=0.5":{"Allocs":38417376,"Time":0.098213692},"RPeCMM γ=0.0":{"Allocs":400501832,"Time":2.991195671}}