{"title_for_plotting":"RPMDEF Tests","ThermalLangevin":{"Allocs":722444504,"Time":24.342275582},"RPMDEF":{"Allocs":519570616,"Time":24.402729739}}