{"title_for_plotting":"SpinMapping Tests","MInt":{"Allocs":20822896,"Time":0.244202403},"Tsit5":{"Allocs":20822896,"Time":0.244202403}}