{"title_for_plotting":"BCBwithTsit5 Tests","Ehrenfest":{"Allocs":3010518120,"Time":32.858260388},"FSSH":{"Allocs":2736053128,"Time":20.403670864}}