{"title_for_plotting":"FSSH Tests","RPSH":{"Allocs":1043216736,"Time":12.935128894},"FSSH":{"Allocs":945714592,"Time":11.360225405}}