{"title_for_plotting":"IESH Tests","VerletwithElectronics":{"Allocs":979598416,"Time":11.150582955},"Tsit5":{"Allocs":5006473264,"Time":37.471637978},"DecoherenceCorrectionEDC":{"Allocs":1672019496,"Time":11.046778312}}