{"title_for_plotting":"CMM Tests","eCMM γ=0.0":{"Allocs":465119320,"Time":4.872275232},"eCMM γ=0.5":{"Allocs":13250544,"Time":0.038291987}}