{"title_for_plotting":"EhrenfestNA Tests","Vern9":{"Allocs":2444548392,"Time":21.72391707},"Fixed timestep":{"Allocs":233713528,"Time":3.051004243}}