{"title_for_plotting":"Ehrenfest Tests","SpinBoson population":{"Allocs":4915934416,"Time":16.944744354},"TullyModelTwo Feagin12":{"Allocs":207476896,"Time":6.528925833},"TullyModelTwo":{"Allocs":1103798544,"Time":11.004604488},"Ehrenfest RPMD":{"Allocs":2690078752,"Time":33.11327495},"FermiDirac Vern9":{"Allocs":2309543720,"Time":19.432283179},"FermiDirac fixed timestep":{"Allocs":288117792,"Time":2.838221853}}