{"title_for_plotting":"NRPMD Tests","RingPolymerMInt":{"Allocs":2629038176,"Time":29.879322414},"Tsit5":{"Allocs":364637992,"Time":3.332704638}}