{"title_for_plotting":"RPEhrenfestNA Tests","Vern9":{"Allocs":2645746824,"Time":25.019471685},"Fixed Timestep":{"Allocs":333955776,"Time":3.873100271}}