{"title_for_plotting":"RPeCMM Tests","RPeCMM γ=0.5":{"Allocs":38407920,"Time":0.135710352},"RPeCMM γ=0.0":{"Allocs":191693456,"Time":2.183850937}}