{"title_for_plotting":"RPMDEF Tests","ThermalLangevin":{"Allocs":679809232,"Time":31.573859867},"RPMDEF":{"Allocs":680666312,"Time":33.034612968}}