{"title_for_plotting":"SpinMapping Tests","MInt":{"Allocs":19631128,"Time":0.240596851},"Tsit5":{"Allocs":19631128,"Time":0.240596851}}