{"title_for_plotting":"BCBwithTsit5 Tests","Ehrenfest":{"Allocs":3011505656,"Time":32.576932043},"FSSH":{"Allocs":2735382032,"Time":19.828620423}}