{"title_for_plotting":"FSSH Tests","RPSH":{"Allocs":1043257832,"Time":11.724034475},"FSSH":{"Allocs":945830944,"Time":10.326190922}}