{"title_for_plotting":"IESH Tests","VerletwithElectronics":{"Allocs":979949064,"Time":10.575510414},"Tsit5":{"Allocs":2579585712,"Time":33.818189309},"DecoherenceCorrectionEDC":{"Allocs":1672169328,"Time":11.195379549}}