{"title_for_plotting":"RPMDEF Tests","ThermalLangevin":{"Allocs":759007688,"Time":35.821263048},"RPMDEF":{"Allocs":703929680,"Time":37.303952939}}