{"title_for_plotting":"BCBwithTsit5 Tests","Ehrenfest":{"Allocs":3014962616,"Time":33.060145834},"FSSH":{"Allocs":2736402080,"Time":20.155710925}}