{"title_for_plotting":"FSSH Tests","RPSH":{"Allocs":1044082608,"Time":12.418489924},"FSSH":{"Allocs":946658840,"Time":10.960795088}}