{"title_for_plotting":"IESH Tests","VerletwithElectronics":{"Allocs":979610120,"Time":10.605213177},"Tsit5":{"Allocs":3606536536,"Time":35.630733697},"DecoherenceCorrectionEDC":{"Allocs":1672936712,"Time":10.922750149}}