{"title_for_plotting":"BCBwithTsit5 Tests","Ehrenfest":{"Allocs":3016806496,"Time":32.985227655},"FSSH":{"Allocs":2737360968,"Time":20.119126724}}