{"title_for_plotting":"FSSH Tests","RPSH":{"Allocs":1045062360,"Time":11.765073609},"FSSH":{"Allocs":946285464,"Time":11.090241309}}