{"title_for_plotting":"IESH Tests","VerletwithElectronics":{"Allocs":980725352,"Time":11.160819204},"Tsit5":{"Allocs":3328092312,"Time":34.8282386},"DecoherenceCorrectionEDC":{"Allocs":1674592880,"Time":10.791038161}}