{"title_for_plotting":"CMM Tests","eCMM γ=0.0":{"Allocs":465411592,"Time":5.118099323},"eCMM γ=0.5":{"Allocs":13878128,"Time":0.039719902}}