{"title_for_plotting":"EhrenfestNA Tests","Vern9":{"Allocs":2444956480,"Time":22.655383079},"Fixed timestep":{"Allocs":233689824,"Time":3.169773243}}