{"title_for_plotting":"Ehrenfest Tests","SpinBoson population":{"Allocs":4910410528,"Time":16.86497073},"TullyModelTwo Feagin12":{"Allocs":207471928,"Time":6.710175259},"TullyModelTwo":{"Allocs":1103764792,"Time":11.341292549},"Ehrenfest RPMD":{"Allocs":2690026088,"Time":34.914363559},"FermiDirac Vern9":{"Allocs":2309497088,"Time":20.311141798},"FermiDirac fixed timestep":{"Allocs":288110840,"Time":2.872086657}}