{"title_for_plotting":"NRPMD Tests","RingPolymerMInt":{"Allocs":2628750200,"Time":30.39538224},"Tsit5":{"Allocs":364657560,"Time":3.388418355}}