{"title_for_plotting":"RPEhrenfestNA Tests","Vern9":{"Allocs":2634511296,"Time":25.495928572},"Fixed Timestep":{"Allocs":333959832,"Time":4.04668939}}