{"title_for_plotting":"RPeCMM Tests","RPeCMM γ=0.5":{"Allocs":38417648,"Time":0.102917193},"RPeCMM γ=0.0":{"Allocs":191696264,"Time":2.272731284}}