{"title_for_plotting":"SpinMapping Tests","MInt":{"Allocs":19642104,"Time":0.244110254},"Tsit5":{"Allocs":19642104,"Time":0.244110254}}