{"title_for_plotting":"BCBwithTsit5 Tests","Ehrenfest":{"Allocs":4417559472,"Time":48.152137041},"FSSH":{"Allocs":1279886056,"Time":10.987554912}}