{"title_for_plotting":"FSSH Tests","RPSH":{"Allocs":573673672,"Time":7.023985556},"FSSH":{"Allocs":952488592,"Time":8.606126272}}