{"title_for_plotting":"IESH Tests","VerletwithElectronics":{"Allocs":566235704,"Time":5.186727767},"Tsit5":{"Allocs":448708128,"Time":3.77836747},"VerletwithElectronics2":{"Allocs":1385452272,"Time":10.272184179},"DecoherenceCorrectionEDC":{"Allocs":528507608,"Time":5.281373452}}