{"title_for_plotting":"RPEhrenfestNA Tests","Vern9":{"Allocs":1451446736,"Time":21.416196484},"Fixed Timestep":{"Allocs":484136272,"Time":4.910063945}}