{"title_for_plotting":"RPMDEF Tests","ThermalLangevin":{"Allocs":722516088,"Time":20.969513079},"RPMDEF":{"Allocs":519626464,"Time":20.96520501}}