{"title_for_plotting":"SpinMapping Tests","MInt":{"Allocs":20821784,"Time":0.26318794},"Tsit5":{"Allocs":20821784,"Time":0.26318794}}