{"title_for_plotting":"BCBwithTsit5 Tests","Ehrenfest":{"Allocs":4419788576,"Time":45.889479459},"FSSH":{"Allocs":1280237136,"Time":10.416373325}}