{"title_for_plotting":"CMM Tests","eCMM γ=0.0":{"Allocs":514421536,"Time":6.211722849},"eCMM γ=0.5":{"Allocs":12345632,"Time":0.036206108}}