{"title_for_plotting":"EhrenfestNA Tests","Vern9":{"Allocs":1194491408,"Time":19.660641321},"Fixed timestep":{"Allocs":384570736,"Time":4.04262452}}