{"title_for_plotting":"Ehrenfest Tests","SpinBoson population":{"Allocs":5082889600,"Time":18.543633896},"TullyModelTwo Feagin12":{"Allocs":464345344,"Time":7.296153463},"TullyModelTwo":{"Allocs":1512427632,"Time":13.571254723},"Ehrenfest RPMD":{"Allocs":3219726432,"Time":36.588099739},"FermiDirac Vern9":{"Allocs":1052797056,"Time":16.913133212},"FermiDirac fixed timestep":{"Allocs":421297032,"Time":3.76027268}}