{"title_for_plotting":"FSSH Tests","RPSH":{"Allocs":573754200,"Time":6.702429079},"FSSH":{"Allocs":952605176,"Time":8.433992604}}