{"title_for_plotting":"IESH Tests","VerletwithElectronics":{"Allocs":566122576,"Time":4.967264885},"Tsit5":{"Allocs":447602416,"Time":3.633078356},"VerletwithElectronics2":{"Allocs":1385498824,"Time":9.871112686},"DecoherenceCorrectionEDC":{"Allocs":517508328,"Time":5.102748899}}