{"title_for_plotting":"NRPMD Tests","RingPolymerMInt":{"Allocs":3254169096,"Time":34.056422119},"Tsit5":{"Allocs":430521624,"Time":4.379795615}}