{"title_for_plotting":"RPEhrenfestNA Tests","Vern9":{"Allocs":1416694520,"Time":20.66747958},"Fixed Timestep":{"Allocs":484079504,"Time":4.832684513}}