{"title_for_plotting":"RPeCMM Tests","RPeCMM γ=0.5":{"Allocs":38404832,"Time":0.103870469},"RPeCMM γ=0.0":{"Allocs":400503384,"Time":3.501741891}}