{"title_for_plotting":"RPMDEF Tests","ThermalLangevin":{"Allocs":722467224,"Time":20.068744393},"RPMDEF":{"Allocs":519582120,"Time":20.424367628}}