{"title_for_plotting":"SpinMapping Tests","MInt":{"Allocs":20829320,"Time":0.253335254},"Tsit5":{"Allocs":20829320,"Time":0.253335254}}