{"title_for_plotting":"CMM Tests","eCMM γ=0.0":{"Allocs":465328168,"Time":5.394601933},"eCMM γ=0.5":{"Allocs":10025720,"Time":0.03004264}}