{"title_for_plotting":"Ehrenfest Tests","SpinBoson population":{"Allocs":4921246800,"Time":17.09212347},"TullyModelTwo Feagin12":{"Allocs":207456480,"Time":6.517257795},"TullyModelTwo":{"Allocs":1103879640,"Time":10.994755765},"Ehrenfest RPMD":{"Allocs":2689875448,"Time":34.146532841},"FermiDirac Vern9":{"Allocs":2309379088,"Time":19.368845087},"FermiDirac fixed timestep":{"Allocs":288156224,"Time":2.819954309}}