{"title_for_plotting":"EhrenfestNA Tests","Vern9":{"Allocs":2444509888,"Time":22.572687996},"Fixed timestep":{"Allocs":233694056,"Time":3.111384362}}