{"title_for_plotting":"NRPMD Tests","RingPolymerMInt":{"Allocs":2628760632,"Time":32.375719136},"Tsit5":{"Allocs":364568448,"Time":3.564491118}}