{"title_for_plotting":"RPEhrenfestNA Tests","Vern9":{"Allocs":2657970944,"Time":24.875787811},"Fixed Timestep":{"Allocs":333950400,"Time":3.96003276}}