{"title_for_plotting":"RPeCMM Tests","RPeCMM γ=0.5":{"Allocs":38417648,"Time":0.098617854},"RPeCMM γ=0.0":{"Allocs":191691736,"Time":2.302640944}}