{"title_for_plotting":"SpinMapping Tests","MInt":{"Allocs":19636824,"Time":0.251101493},"Tsit5":{"Allocs":19636824,"Time":0.251101493}}