{"title_for_plotting":"BCBwithTsit5 Tests","Ehrenfest":{"Allocs":3015032160,"Time":32.753006172},"FSSH":{"Allocs":2743968424,"Time":20.368600073}}