{"title_for_plotting":"FSSH Tests","RPSH":{"Allocs":1045030512,"Time":12.505168744},"FSSH":{"Allocs":946018720,"Time":10.816739139}}