{"title_for_plotting":"IESH Tests","VerletwithElectronics":{"Allocs":980351248,"Time":10.491838155},"Tsit5":{"Allocs":13056666928,"Time":43.474673717},"DecoherenceCorrectionEDC":{"Allocs":1674625896,"Time":10.65338431}}