{"title_for_plotting":"BCBwithTsit5 Tests","Ehrenfest":{"Allocs":3018192336,"Time":33.078290291},"FSSH":{"Allocs":2737073792,"Time":20.73412132}}