{"title_for_plotting":"FSSH Tests","RPSH":{"Allocs":1044823232,"Time":12.466207112},"FSSH":{"Allocs":946186816,"Time":11.147961828}}