{"title_for_plotting":"IESH Tests","VerletwithElectronics":{"Allocs":980666320,"Time":11.111584565},"Tsit5":{"Allocs":26814936144,"Time":58.662536867},"DecoherenceCorrectionEDC":{"Allocs":1674275568,"Time":12.146819122}}