{"title_for_plotting":"BCBwithTsit5 Tests","Ehrenfest":{"Allocs":3016870128,"Time":33.179086539},"FSSH":{"Allocs":2737140552,"Time":20.988094044}}