{"title_for_plotting":"FSSH Tests","RPSH":{"Allocs":1045056400,"Time":12.800405923},"FSSH":{"Allocs":946295264,"Time":11.173099726}}