{"title_for_plotting":"IESH Tests","VerletwithElectronics":{"Allocs":980605248,"Time":11.474022642},"Tsit5":{"Allocs":39750924720,"Time":70.07105457},"DecoherenceCorrectionEDC":{"Allocs":1674459296,"Time":10.988762113}}