{"title_for_plotting":"BCBwithTsit5 Tests","Ehrenfest":{"Allocs":3548366760,"Time":40.838274224},"FSSH":{"Allocs":2542220336,"Time":21.993535652}}