{"title_for_plotting":"CMM Tests","eCMM γ=0.0":{"Allocs":465376456,"Time":4.781115459},"eCMM γ=0.5":{"Allocs":13540656,"Time":0.038992217}}