{"title_for_plotting":"EhrenfestNA Tests","Vern9":{"Allocs":2444626848,"Time":21.741259016},"Fixed timestep":{"Allocs":233713880,"Time":3.048246456}}