{"title_for_plotting":"Ehrenfest Tests","SpinBoson population":{"Allocs":4913960112,"Time":16.979720045},"TullyModelTwo Feagin12":{"Allocs":207714320,"Time":6.582409243},"TullyModelTwo":{"Allocs":1104470528,"Time":11.1225806},"Ehrenfest RPMD":{"Allocs":2690747864,"Time":33.59356181},"FermiDirac Vern9":{"Allocs":2309412656,"Time":19.678980496},"FermiDirac fixed timestep":{"Allocs":288088752,"Time":2.857837514}}