{"title_for_plotting":"FSSH Tests","RPSH":{"Allocs":598771856,"Time":11.721293036},"FSSH":{"Allocs":2352732496,"Time":41.822488628}}