{"title_for_plotting":"IESH Tests","VerletwithElectronics":{"Allocs":774859296,"Time":10.837261039},"Tsit5":{"Allocs":1793980696,"Time":26.697550539},"VerletwithElectronics2":{"Allocs":1623592664,"Time":15.204276341},"DecoherenceCorrectionEDC":{"Allocs":784778208,"Time":9.946280812}}