{"title_for_plotting":"NRPMD Tests","RingPolymerMInt":{"Allocs":2629861896,"Time":29.472654688},"Tsit5":{"Allocs":364554400,"Time":3.295313644}}