{"title_for_plotting":"RPEhrenfestNA Tests","Vern9":{"Allocs":2645694200,"Time":24.202435434},"Fixed Timestep":{"Allocs":333943952,"Time":3.896578696}}