{"title_for_plotting":"RPeCMM Tests","RPeCMM γ=0.5":{"Allocs":38403784,"Time":0.128332413},"RPeCMM γ=0.0":{"Allocs":191948568,"Time":2.204471888}}