{"title_for_plotting":"RPMDEF Tests","ThermalLangevin":{"Allocs":679808200,"Time":32.760707575},"RPMDEF":{"Allocs":680655104,"Time":33.870016907}}