{"title_for_plotting":"SpinMapping Tests","MInt":{"Allocs":19629288,"Time":0.234122109},"Tsit5":{"Allocs":19629288,"Time":0.234122109}}