{"title_for_plotting":"BCBwithTsit5 Tests","Ehrenfest":{"Allocs":3016848696,"Time":32.491295201},"FSSH":{"Allocs":2737170144,"Time":19.745263843}}