{"title_for_plotting":"Classical Tests","Ring Polymer Classical":{"Allocs":4068756440,"Time":32.400403479},"Fermion model ring polymer adiabatic dynamics":{"Allocs":4217864312,"Time":15.081681254},"Classical":{"Allocs":2427331008,"Time":11.429463871},"Fermion model classical adiabatic dynamics":{"Allocs":1012813352,"Time":6.771140089}}