{"title_for_plotting":"FSSH Tests","RPSH":{"Allocs":1045008968,"Time":12.446897575},"FSSH":{"Allocs":946254592,"Time":11.031857621}}