{"title_for_plotting":"IESH Tests","VerletwithElectronics":{"Allocs":980673760,"Time":10.584307078},"Tsit5":{"Allocs":3208956600,"Time":34.47850048},"DecoherenceCorrectionEDC":{"Allocs":1674635952,"Time":10.935019735}}