{"title_for_plotting":"BCBwithTsit5 Tests","Ehrenfest":{"Allocs":3018995960,"Time":32.334628619},"FSSH":{"Allocs":2737126256,"Time":20.222155339}}