{"title_for_plotting":"FSSH Tests","RPSH":{"Allocs":1044831808,"Time":12.705559539},"FSSH":{"Allocs":946186976,"Time":10.517499666}}