{"title_for_plotting":"IESH Tests","VerletwithElectronics":{"Allocs":980768272,"Time":10.967025153},"Tsit5":{"Allocs":132708745904,"Time":161.736782964},"DecoherenceCorrectionEDC":{"Allocs":1674354280,"Time":10.878686452}}