{"title_for_plotting":"BCBwithTsit5 Tests","Ehrenfest":{"Allocs":3018054872,"Time":32.492218214},"FSSH":{"Allocs":2737111856,"Time":20.476208389}}