{"title_for_plotting":"Classical Tests","Ring Polymer Classical":{"Allocs":4070485008,"Time":32.235708381},"Fermion model ring polymer adiabatic dynamics":{"Allocs":4217830104,"Time":14.76823921},"Classical":{"Allocs":2427029904,"Time":11.613422086},"Fermion model classical adiabatic dynamics":{"Allocs":1012862976,"Time":6.71634615}}