{"title_for_plotting":"FSSH Tests","RPSH":{"Allocs":1044792256,"Time":12.270429132},"FSSH":{"Allocs":946136760,"Time":10.97805046}}