{"title_for_plotting":"IESH Tests","VerletwithElectronics":{"Allocs":980226264,"Time":10.539240505},"Tsit5":{"Allocs":4157512656,"Time":35.015522077},"DecoherenceCorrectionEDC":{"Allocs":1674227272,"Time":10.633473176}}