{"title_for_plotting":"BCBwithTsit5 Tests","Ehrenfest":{"Allocs":3546913152,"Time":44.92850737},"FSSH":{"Allocs":2541099592,"Time":26.069055063}}