{"title_for_plotting":"CMM Tests","eCMM γ=0.0":{"Allocs":464703608,"Time":4.953098445},"eCMM γ=0.5":{"Allocs":10730088,"Time":0.032262078}}