{"title_for_plotting":"Ehrenfest Tests","SpinBoson population":{"Allocs":4910358320,"Time":17.414721735},"TullyModelTwo Feagin12":{"Allocs":207442424,"Time":7.007534741},"TullyModelTwo":{"Allocs":1100514192,"Time":10.890379662},"Ehrenfest RPMD":{"Allocs":2689829984,"Time":35.336483078},"FermiDirac Vern9":{"Allocs":2309485208,"Time":20.526861094},"FermiDirac fixed timestep":{"Allocs":288135896,"Time":3.005962647}}