{"title_for_plotting":"EhrenfestNA Tests","Vern9":{"Allocs":2444483456,"Time":22.807306069},"Fixed timestep":{"Allocs":233743640,"Time":3.260059644}}