{"title_for_plotting":"FSSH Tests","RPSH":{"Allocs":598692256,"Time":13.649514206},"FSSH":{"Allocs":2352700368,"Time":48.093723697}}