{"title_for_plotting":"IESH Tests","VerletwithElectronics":{"Allocs":774365208,"Time":12.967403681},"Tsit5":{"Allocs":1777463368,"Time":33.128286075},"VerletwithElectronics2":{"Allocs":1620475792,"Time":17.274374443},"DecoherenceCorrectionEDC":{"Allocs":794233360,"Time":11.93889504}}