{"title_for_plotting":"NRPMD Tests","RingPolymerMInt":{"Allocs":2628872032,"Time":30.403052394},"Tsit5":{"Allocs":364541336,"Time":3.419932176}}