{"title_for_plotting":"RPEhrenfestNA Tests","Vern9":{"Allocs":2626843264,"Time":25.258110813},"Fixed Timestep":{"Allocs":333949224,"Time":4.15863607}}