{"title_for_plotting":"RPeCMM Tests","RPeCMM γ=0.5":{"Allocs":38426056,"Time":0.097602064},"RPeCMM γ=0.0":{"Allocs":191776328,"Time":2.54917905}}