{"title_for_plotting":"RPMDEF Tests","ThermalLangevin":{"Allocs":679739760,"Time":33.303044719},"RPMDEF":{"Allocs":680727808,"Time":34.45974831}}