{"title_for_plotting":"SpinMapping Tests","MInt":{"Allocs":19660560,"Time":0.244995188},"Tsit5":{"Allocs":19660560,"Time":0.244995188}}