{"title_for_plotting":"BCBwithTsit5 Tests","Ehrenfest":{"Allocs":3015478304,"Time":35.559402855},"FSSH":{"Allocs":2738074072,"Time":22.750461146}}