{"title_for_plotting":"FSSH Tests","RPSH":{"Allocs":1044767360,"Time":12.653859198},"FSSH":{"Allocs":945826696,"Time":11.098880697}}