{"title_for_plotting":"IESH Tests","VerletwithElectronics":{"Allocs":980683672,"Time":11.018902685},"Tsit5":{"Allocs":51158477384,"Time":82.494106941},"DecoherenceCorrectionEDC":{"Allocs":1674281104,"Time":11.030985036}}