{"title_for_plotting":"BCBwithTsit5 Tests","Ehrenfest":{"Allocs":3015499768,"Time":32.180888224},"FSSH":{"Allocs":2737997800,"Time":20.180079754}}