{"title_for_plotting":"Classical Tests","Ring Polymer Classical":{"Allocs":4070602360,"Time":30.983649395},"Fermion model ring polymer adiabatic dynamics":{"Allocs":4217844672,"Time":14.899558397},"Classical":{"Allocs":2427106288,"Time":11.181392262},"Fermion model classical adiabatic dynamics":{"Allocs":1012810088,"Time":5.960751984}}