{"title_for_plotting":"FSSH Tests","RPSH":{"Allocs":1044758512,"Time":12.01886617},"FSSH":{"Allocs":945925592,"Time":10.686534123}}