{"title_for_plotting":"IESH Tests","VerletwithElectronics":{"Allocs":980734184,"Time":10.242333122},"Tsit5":{"Allocs":5015581464,"Time":34.510286258},"DecoherenceCorrectionEDC":{"Allocs":1674253264,"Time":11.100505524}}