{"title_for_plotting":"CMM Tests","eCMM γ=0.0":{"Allocs":479988664,"Time":5.073713929},"eCMM γ=0.5":{"Allocs":37461104,"Time":0.059275254}}