{"title_for_plotting":"NRPMD Tests","RingPolymerMInt":{"Allocs":2890018320,"Time":34.671797458},"Tsit5":{"Allocs":388462136,"Time":3.394417854}}