{"title_for_plotting":"RPeCMM Tests","RPeCMM γ=0.5":{"Allocs":959807024,"Time":1.742338895},"RPeCMM γ=0.0":{"Allocs":1113581736,"Time":4.245501024}}