{"title_for_plotting":"SpinMapping Tests","MInt":{"Allocs":21598552,"Time":0.244509534},"Tsit5":{"Allocs":21598552,"Time":0.244509534}}