{"title_for_plotting":"BCBwithTsit5 Tests","Ehrenfest":{"Allocs":3288136632,"Time":33.694419589},"FSSH":{"Allocs":2992162736,"Time":20.441655661}}