{"title_for_plotting":"FSSH Tests","RPSH":{"Allocs":1169193080,"Time":12.162454025},"FSSH":{"Allocs":917322000,"Time":10.498647573}}