{"title_for_plotting":"IESH Tests","VerletwithElectronics":{"Allocs":972488888,"Time":11.333357672},"Tsit5":{"Allocs":16998572952,"Time":55.350464374},"DecoherenceCorrectionEDC":{"Allocs":1618395088,"Time":10.293366759}}