{"title_for_plotting":"BCBwithTsit5 Tests","Ehrenfest":{"Allocs":4419109384,"Time":48.020165787},"FSSH":{"Allocs":1280248504,"Time":10.766705651}}