{"title_for_plotting":"CMM Tests","eCMM γ=0.0":{"Allocs":516618360,"Time":6.042787117},"eCMM γ=0.5":{"Allocs":12576656,"Time":0.035537448}}