{"title_for_plotting":"Ehrenfest Tests","SpinBoson population":{"Allocs":5077387672,"Time":18.435255951},"TullyModelTwo Feagin12":{"Allocs":464689432,"Time":7.239212807},"TullyModelTwo":{"Allocs":1512851056,"Time":13.542543126},"Ehrenfest RPMD":{"Allocs":3218443096,"Time":37.196873985},"FermiDirac Vern9":{"Allocs":1052692840,"Time":16.916749407},"FermiDirac fixed timestep":{"Allocs":421572600,"Time":3.759619383}}