{"title_for_plotting":"EhrenfestNA Tests","Vern9":{"Allocs":1194862528,"Time":19.363696359},"Fixed timestep":{"Allocs":384791184,"Time":3.987019054}}