{"title_for_plotting":"FSSH Tests","RPSH":{"Allocs":573843216,"Time":7.029500614},"FSSH":{"Allocs":952729080,"Time":8.755895229}}