{"title_for_plotting":"IESH Tests","VerletwithElectronics":{"Allocs":566236520,"Time":5.157576738},"Tsit5":{"Allocs":452310464,"Time":3.8186583},"VerletwithElectronics2":{"Allocs":1385364432,"Time":10.210946448},"DecoherenceCorrectionEDC":{"Allocs":528162064,"Time":5.212476087}}