{"title_for_plotting":"NRPMD Tests","RingPolymerMInt":{"Allocs":3251291320,"Time":33.088104053},"Tsit5":{"Allocs":430618376,"Time":4.271547478}}