{"title_for_plotting":"RPEhrenfestNA Tests","Vern9":{"Allocs":1426166800,"Time":20.433035539},"Fixed Timestep":{"Allocs":484260704,"Time":4.895743906}}