{"title_for_plotting":"RPeCMM Tests","RPeCMM γ=0.5":{"Allocs":38435376,"Time":0.124544491},"RPeCMM γ=0.0":{"Allocs":400537864,"Time":3.074798334}}