{"title_for_plotting":"RPMDEF Tests","ThermalLangevin":{"Allocs":722591920,"Time":21.194610472},"RPMDEF":{"Allocs":519617840,"Time":21.950382058}}