{"title_for_plotting":"SpinMapping Tests","MInt":{"Allocs":20833568,"Time":0.250434459},"Tsit5":{"Allocs":20833568,"Time":0.250434459}}