{"title_for_plotting":"BCBwithTsit5 Tests","Ehrenfest":{"Allocs":3015343976,"Time":33.535886699},"FSSH":{"Allocs":2737962576,"Time":20.602679428}}