{"title_for_plotting":"FSSH Tests","RPSH":{"Allocs":1044766744,"Time":12.310730071},"FSSH":{"Allocs":946063856,"Time":10.805358974}}