{"title_for_plotting":"IESH Tests","VerletwithElectronics":{"Allocs":980717888,"Time":10.993862621},"Tsit5":{"Allocs":44388933432,"Time":75.430404053},"DecoherenceCorrectionEDC":{"Allocs":1674240296,"Time":10.939735227}}