{"title_for_plotting":"BCBwithTsit5 Tests","Ehrenfest":{"Allocs":3015650112,"Time":35.1998644},"FSSH":{"Allocs":2737997568,"Time":22.760344693}}