{"title_for_plotting":"FSSH Tests","RPSH":{"Allocs":1044756944,"Time":14.74897118},"FSSH":{"Allocs":945799064,"Time":12.357402654}}