{"title_for_plotting":"IESH Tests","VerletwithElectronics":{"Allocs":980544496,"Time":12.301322042},"Tsit5":{"Allocs":49362158888,"Time":106.675973495},"DecoherenceCorrectionEDC":{"Allocs":1674287096,"Time":13.223790939}}