{"title_for_plotting":"BCBwithTsit5 Tests","Ehrenfest":{"Allocs":3548886104,"Time":41.967193348},"FSSH":{"Allocs":2541505088,"Time":23.216850125}}