{"title_for_plotting":"CMM Tests","eCMM γ=0.0":{"Allocs":464687672,"Time":5.002081257},"eCMM γ=0.5":{"Allocs":13681312,"Time":0.039458228}}