{"title_for_plotting":"EhrenfestNA Tests","Vern9":{"Allocs":2444519632,"Time":25.763966345},"Fixed timestep":{"Allocs":233790912,"Time":3.382759315}}