{"title_for_plotting":"Ehrenfest Tests","SpinBoson population":{"Allocs":4915990968,"Time":17.98103545},"TullyModelTwo Feagin12":{"Allocs":207472440,"Time":7.245320683},"TullyModelTwo":{"Allocs":1103736624,"Time":12.246545079},"Ehrenfest RPMD":{"Allocs":2689939888,"Time":37.438296037},"FermiDirac Vern9":{"Allocs":2309507224,"Time":22.610314928},"FermiDirac fixed timestep":{"Allocs":288143920,"Time":3.083669165}}