{"title_for_plotting":"FSSH Tests","RPSH":{"Allocs":599123256,"Time":13.318904953},"FSSH":{"Allocs":2352680464,"Time":44.91596454}}