{"title_for_plotting":"IESH Tests","VerletwithElectronics":{"Allocs":784938320,"Time":11.937918769},"Tsit5":{"Allocs":1786297984,"Time":30.518496713},"VerletwithElectronics2":{"Allocs":1621767584,"Time":16.67919462},"DecoherenceCorrectionEDC":{"Allocs":784129456,"Time":10.811996757}}