{"title_for_plotting":"NRPMD Tests","RingPolymerMInt":{"Allocs":2629109408,"Time":30.279964156},"Tsit5":{"Allocs":364542912,"Time":3.395168304}}