{"title_for_plotting":"RPEhrenfestNA Tests","Vern9":{"Allocs":2648362000,"Time":26.762682761},"Fixed Timestep":{"Allocs":334072280,"Time":4.27965977}}