{"title_for_plotting":"RPeCMM Tests","RPeCMM γ=0.5":{"Allocs":38412192,"Time":0.101510375},"RPeCMM γ=0.0":{"Allocs":191751440,"Time":2.526026441}}