{"title_for_plotting":"RPMDEF Tests","ThermalLangevin":{"Allocs":679771784,"Time":30.379661116},"RPMDEF":{"Allocs":680692536,"Time":31.211160879}}