{"title_for_plotting":"SpinMapping Tests","MInt":{"Allocs":19650440,"Time":0.247706005},"Tsit5":{"Allocs":19650440,"Time":0.247706005}}