{"title_for_plotting":"BCBwithTsit5 Tests","Ehrenfest":{"Allocs":3536573312,"Time":42.123013867},"FSSH":{"Allocs":2536068512,"Time":22.39794661}}