{"title_for_plotting":"CMM Tests","eCMM γ=0.0":{"Allocs":462842256,"Time":4.726102429},"eCMM γ=0.5":{"Allocs":16439168,"Time":0.096788229}}