{"title_for_plotting":"Ehrenfest Tests","SpinBoson population":{"Allocs":4704915432,"Time":16.192817024},"TullyModelTwo Feagin12":{"Allocs":202180968,"Time":6.450237499},"TullyModelTwo":{"Allocs":1090493456,"Time":10.948156155},"Ehrenfest RPMD":{"Allocs":2687041408,"Time":33.237263881},"FermiDirac Vern9":{"Allocs":2302198784,"Time":19.456947294},"FermiDirac fixed timestep":{"Allocs":283664344,"Time":2.752444961}}