{"title_for_plotting":"EhrenfestNA Tests","Vern9":{"Allocs":2438567336,"Time":21.403359061},"Fixed timestep":{"Allocs":229270536,"Time":2.937274364}}