{"title_for_plotting":"FSSH Tests","RPSH":{"Allocs":595663144,"Time":13.215986142},"FSSH":{"Allocs":2348507744,"Time":44.967835713}}