{"title_for_plotting":"IESH Tests","VerletwithElectronics":{"Allocs":775365696,"Time":11.946376985},"Tsit5":{"Allocs":1785029296,"Time":30.422085558},"VerletwithElectronics2":{"Allocs":1619272744,"Time":16.052870382},"DecoherenceCorrectionEDC":{"Allocs":785467456,"Time":11.05128602}}