{"title_for_plotting":"NRPMD Tests","RingPolymerMInt":{"Allocs":2618160904,"Time":30.125466509},"Tsit5":{"Allocs":358035056,"Time":3.177538675}}