{"title_for_plotting":"RPEhrenfestNA Tests","Vern9":{"Allocs":2642014952,"Time":24.379347021},"Fixed Timestep":{"Allocs":328863408,"Time":3.750755804}}