{"title_for_plotting":"RPeCMM Tests","RPeCMM γ=0.5":{"Allocs":38055728,"Time":0.099847094},"RPeCMM γ=0.0":{"Allocs":187322816,"Time":2.148591567}}