{"title_for_plotting":"RPMDEF Tests","ThermalLangevin":{"Allocs":679287224,"Time":33.608633137},"RPMDEF":{"Allocs":677962648,"Time":34.153798086}}