{"title_for_plotting":"SpinMapping Tests","MInt":{"Allocs":20571208,"Time":0.2519448},"Tsit5":{"Allocs":20571208,"Time":0.2519448}}