{"title_for_plotting":"BCBwithTsit5 Tests","Ehrenfest":{"Allocs":3014044872,"Time":32.759469103},"FSSH":{"Allocs":2736184168,"Time":20.637114251}}