{"title_for_plotting":"FSSH Tests","RPSH":{"Allocs":1044063392,"Time":11.666673005},"FSSH":{"Allocs":946638248,"Time":10.959180346}}