{"title_for_plotting":"IESH Tests","VerletwithElectronics":{"Allocs":979957288,"Time":10.9946039},"Tsit5":{"Allocs":3175794960,"Time":33.22533968},"DecoherenceCorrectionEDC":{"Allocs":1672920624,"Time":10.71983927}}