{"title_for_plotting":"BCBwithTsit5 Tests","Ehrenfest":{"Allocs":3545905384,"Time":43.592380333},"FSSH":{"Allocs":2541265144,"Time":24.578961006}}