{"title_for_plotting":"CMM Tests","eCMM γ=0.0":{"Allocs":466128272,"Time":4.824021436},"eCMM γ=0.5":{"Allocs":14054976,"Time":0.040437279}}