{"title_for_plotting":"Ehrenfest Tests","SpinBoson population":{"Allocs":4910297136,"Time":16.923777898},"TullyModelTwo Feagin12":{"Allocs":207726376,"Time":6.392788942},"TullyModelTwo":{"Allocs":1103603928,"Time":10.849690094},"Ehrenfest RPMD":{"Allocs":2690052600,"Time":32.916269109},"FermiDirac Vern9":{"Allocs":2309275720,"Time":19.192259263},"FermiDirac fixed timestep":{"Allocs":288093728,"Time":2.786083827}}