{"title_for_plotting":"EhrenfestNA Tests","Vern9":{"Allocs":2444565488,"Time":21.400498849},"Fixed timestep":{"Allocs":233692592,"Time":3.004076161}}