{"title_for_plotting":"FSSH Tests","RPSH":{"Allocs":598567392,"Time":13.828694833},"FSSH":{"Allocs":2352805616,"Time":47.960472353}}