{"title_for_plotting":"IESH Tests","VerletwithElectronics":{"Allocs":776051480,"Time":12.569040831},"Tsit5":{"Allocs":1781194088,"Time":32.635498415},"VerletwithElectronics2":{"Allocs":1623124376,"Time":17.258327282},"DecoherenceCorrectionEDC":{"Allocs":795973320,"Time":11.504188716}}