{"title_for_plotting":"NRPMD Tests","RingPolymerMInt":{"Allocs":2630177624,"Time":29.539018466},"Tsit5":{"Allocs":364624368,"Time":3.29695924}}