{"title_for_plotting":"RPEhrenfestNA Tests","Vern9":{"Allocs":2648482144,"Time":23.842618615},"Fixed Timestep":{"Allocs":333953688,"Time":3.840570537}}