{"title_for_plotting":"RPeCMM Tests","RPeCMM γ=0.5":{"Allocs":38430192,"Time":0.097196078},"RPeCMM γ=0.0":{"Allocs":191670600,"Time":2.21461775}}