{"title_for_plotting":"RPMDEF Tests","ThermalLangevin":{"Allocs":679855096,"Time":30.549884878},"RPMDEF":{"Allocs":680726592,"Time":31.356819597}}