{"title_for_plotting":"SpinMapping Tests","MInt":{"Allocs":19652872,"Time":0.235045514},"Tsit5":{"Allocs":19652872,"Time":0.235045514}}