{"title_for_plotting":"EhrenfestNA Tests","Vern9":{"Allocs":2444592976,"Time":22.472512855},"Fixed timestep":{"Allocs":233785160,"Time":3.248503437}}