{"title_for_plotting":"Ehrenfest Tests","SpinBoson population":{"Allocs":4924171064,"Time":17.336629515},"TullyModelTwo Feagin12":{"Allocs":207526736,"Time":6.715764597},"TullyModelTwo":{"Allocs":1102702728,"Time":11.227400392},"Ehrenfest RPMD":{"Allocs":2690539088,"Time":34.765720493},"FermiDirac Vern9":{"Allocs":2309360936,"Time":19.984178082},"FermiDirac fixed timestep":{"Allocs":288160952,"Time":2.952422322}}