{"title_for_plotting":"RPEhrenfestNA Tests","Vern9":{"Allocs":2650397720,"Time":25.482277287},"Fixed Timestep":{"Allocs":333965776,"Time":4.043900956}}