{"title_for_plotting":"BCBwithTsit5 Tests","Ehrenfest":{"Allocs":3015758608,"Time":32.841382981},"FSSH":{"Allocs":2737116120,"Time":20.290556763}}