{"title_for_plotting":"FSSH Tests","RPSH":{"Allocs":1044776928,"Time":12.558480867},"FSSH":{"Allocs":945819312,"Time":10.54104978}}