{"title_for_plotting":"IESH Tests","VerletwithElectronics":{"Allocs":980614208,"Time":11.222250191},"Tsit5":{"Allocs":3195848488,"Time":35.509608404},"DecoherenceCorrectionEDC":{"Allocs":1674257280,"Time":11.15881895}}