{"title_for_plotting":"CMM Tests","eCMM γ=0.0":{"Allocs":481413112,"Time":5.259678363},"eCMM γ=0.5":{"Allocs":47850080,"Time":0.075800235}}