{"title_for_plotting":"NRPMD Tests","RingPolymerMInt":{"Allocs":2833479992,"Time":34.333801631},"Tsit5":{"Allocs":388311368,"Time":3.562816403}}