{"title_for_plotting":"RPeCMM Tests","RPeCMM γ=0.5":{"Allocs":845395584,"Time":2.052860627},"RPeCMM γ=0.0":{"Allocs":1003614368,"Time":4.027093123}}