{"title_for_plotting":"SpinMapping Tests","MInt":{"Allocs":21506792,"Time":0.252250806},"Tsit5":{"Allocs":21506792,"Time":0.252250806}}