{"title_for_plotting":"CMM Tests","eCMM γ=0.0":{"Allocs":480848816,"Time":5.112711345},"eCMM γ=0.5":{"Allocs":42097984,"Time":0.06626597}}