{"title_for_plotting":"NRPMD Tests","RingPolymerMInt":{"Allocs":2833432296,"Time":33.908009603},"Tsit5":{"Allocs":388347768,"Time":3.526249314}}