{"title_for_plotting":"RPeCMM Tests","RPeCMM γ=0.5":{"Allocs":845395584,"Time":1.690174808},"RPeCMM γ=0.0":{"Allocs":1003612304,"Time":4.228097237}}