{"title_for_plotting":"SpinMapping Tests","MInt":{"Allocs":21507768,"Time":0.256681393},"Tsit5":{"Allocs":21507768,"Time":0.256681393}}