{"title_for_plotting":"CMM Tests","eCMM γ=0.0":{"Allocs":473479640,"Time":5.120048324},"eCMM γ=0.5":{"Allocs":16518400,"Time":0.048589482}}