{"title_for_plotting":"Ehrenfest Tests","SpinBoson population":{"Allocs":4921439112,"Time":17.286260606},"TullyModelTwo Feagin12":{"Allocs":207594312,"Time":6.683683034},"TullyModelTwo":{"Allocs":1104432376,"Time":11.312011788},"Ehrenfest RPMD":{"Allocs":2690764600,"Time":34.376412503},"FermiDirac Vern9":{"Allocs":2309467320,"Time":20.557842618},"FermiDirac fixed timestep":{"Allocs":288071368,"Time":2.881760434}}