{"title_for_plotting":"EhrenfestNA Tests","Vern9":{"Allocs":2444517536,"Time":22.052418212},"Fixed timestep":{"Allocs":233752728,"Time":3.088086106}}