{"title_for_plotting":"NRPMD Tests","RingPolymerMInt":{"Allocs":2628879176,"Time":30.656289691},"Tsit5":{"Allocs":364707792,"Time":3.414982357}}