{"title_for_plotting":"RPEhrenfestNA Tests","Vern9":{"Allocs":2659949688,"Time":24.950750842},"Fixed Timestep":{"Allocs":333940928,"Time":4.01359004}}