{"title_for_plotting":"RPeCMM Tests","RPeCMM γ=0.5":{"Allocs":38412192,"Time":0.101825105},"RPeCMM γ=0.0":{"Allocs":191714224,"Time":2.309878636}}