{"title_for_plotting":"SpinMapping Tests","MInt":{"Allocs":19644872,"Time":0.247303227},"Tsit5":{"Allocs":19644872,"Time":0.247303227}}