{"title_for_plotting":"BCBwithTsit5 Tests","Ehrenfest":{"Allocs":3018900560,"Time":34.753111532},"FSSH":{"Allocs":2737109992,"Time":21.459365302}}