{"title_for_plotting":"FSSH Tests","RPSH":{"Allocs":1044734232,"Time":11.816244713},"FSSH":{"Allocs":946063488,"Time":11.607304222}}