{"title_for_plotting":"IESH Tests","VerletwithElectronics":{"Allocs":980701352,"Time":11.129977768},"Tsit5":{"Allocs":3172209848,"Time":34.598989619},"DecoherenceCorrectionEDC":{"Allocs":1674271768,"Time":11.278349225}}