{"title_for_plotting":"CMM Tests","eCMM γ=0.0":{"Allocs":493171024,"Time":5.031572034},"eCMM γ=0.5":{"Allocs":40093888,"Time":0.10245436}}