{"title_for_plotting":"NRPMD Tests","RingPolymerMInt":{"Allocs":2890923112,"Time":34.864830033},"Tsit5":{"Allocs":388448552,"Time":3.439364409}}