{"title_for_plotting":"RPeCMM Tests","RPeCMM γ=0.5":{"Allocs":959807024,"Time":1.76106455},"RPeCMM γ=0.0":{"Allocs":1113533824,"Time":3.933638981}}