{"title_for_plotting":"SpinMapping Tests","MInt":{"Allocs":21600296,"Time":0.277521153},"Tsit5":{"Allocs":21600296,"Time":0.277521153}}