{"title_for_plotting":"BCBwithTsit5 Tests","Ehrenfest":{"Allocs":3543007848,"Time":44.330766192},"FSSH":{"Allocs":2538704728,"Time":24.622612651}}