{"title_for_plotting":"CMM Tests","eCMM γ=0.0":{"Allocs":468554936,"Time":4.930678362},"eCMM γ=0.5":{"Allocs":23041784,"Time":0.116429398}}