{"title_for_plotting":"Ehrenfest Tests","SpinBoson population":{"Allocs":4911940040,"Time":16.843603292},"TullyModelTwo Feagin12":{"Allocs":205918616,"Time":6.564985171},"TullyModelTwo":{"Allocs":1100808520,"Time":11.003922759},"Ehrenfest RPMD":{"Allocs":2686795784,"Time":33.076451339},"FermiDirac Vern9":{"Allocs":2307709928,"Time":19.677981059},"FermiDirac fixed timestep":{"Allocs":286647928,"Time":2.764950938}}