{"title_for_plotting":"EhrenfestNA Tests","Vern9":{"Allocs":2443180920,"Time":21.640729947},"Fixed timestep":{"Allocs":232169392,"Time":2.967591991}}