{"title_for_plotting":"FSSH Tests","RPSH":{"Allocs":595476536,"Time":13.820482134},"FSSH":{"Allocs":2349579744,"Time":47.937713893}}