{"title_for_plotting":"IESH Tests","VerletwithElectronics":{"Allocs":772398808,"Time":13.000223655},"Tsit5":{"Allocs":1775169408,"Time":34.78549315},"VerletwithElectronics2":{"Allocs":1617962760,"Time":17.642390194},"DecoherenceCorrectionEDC":{"Allocs":792880792,"Time":12.164444581}}