{"title_for_plotting":"NRPMD Tests","RingPolymerMInt":{"Allocs":2625368136,"Time":31.156491868},"Tsit5":{"Allocs":361491808,"Time":3.399498738}}