{"title_for_plotting":"RPEhrenfestNA Tests","Vern9":{"Allocs":2637542280,"Time":24.065581017},"Fixed Timestep":{"Allocs":332358776,"Time":3.803425218}}