{"title_for_plotting":"RPeCMM Tests","RPeCMM γ=0.5":{"Allocs":38409584,"Time":0.097544283},"RPeCMM γ=0.0":{"Allocs":190408024,"Time":2.557903315}}