{"title_for_plotting":"SpinMapping Tests","MInt":{"Allocs":18085208,"Time":0.250062027},"Tsit5":{"Allocs":18085208,"Time":0.250062027}}