{"title_for_plotting":"BCBwithTsit5 Tests","Ehrenfest":{"Allocs":3015601056,"Time":33.438168406},"FSSH":{"Allocs":2737056552,"Time":20.529027003}}