{"title_for_plotting":"Classical Tests","Ring Polymer Classical":{"Allocs":4070549768,"Time":31.366014409},"Fermion model ring polymer adiabatic dynamics":{"Allocs":4217822936,"Time":14.765313042},"Classical":{"Allocs":2427088632,"Time":12.676394372},"Fermion model classical adiabatic dynamics":{"Allocs":1012794104,"Time":6.523135175}}