{"title_for_plotting":"FSSH Tests","RPSH":{"Allocs":1044865856,"Time":12.202206395},"FSSH":{"Allocs":945816192,"Time":11.354554528}}