{"title_for_plotting":"IESH Tests","VerletwithElectronics":{"Allocs":980594408,"Time":11.435388283},"Tsit5":{"Allocs":4184675416,"Time":36.887135023},"DecoherenceCorrectionEDC":{"Allocs":1674180528,"Time":11.049186763}}