{"title_for_plotting":"BCBwithTsit5 Tests","Ehrenfest":{"Allocs":4421903664,"Time":45.425304418},"FSSH":{"Allocs":1280154592,"Time":10.300660673}}