{"title_for_plotting":"CMM Tests","eCMM γ=0.0":{"Allocs":514860704,"Time":6.059839213},"eCMM γ=0.5":{"Allocs":12683792,"Time":0.036721124}}