{"title_for_plotting":"Ehrenfest Tests","SpinBoson population":{"Allocs":5083338224,"Time":18.888499567},"TullyModelTwo Feagin12":{"Allocs":464553736,"Time":7.438174867},"TullyModelTwo":{"Allocs":1511930760,"Time":13.609910229},"Ehrenfest RPMD":{"Allocs":3223969520,"Time":36.781310631},"FermiDirac Vern9":{"Allocs":1053160944,"Time":17.394668477},"FermiDirac fixed timestep":{"Allocs":421532288,"Time":3.829823018}}