{"title_for_plotting":"EhrenfestNA Tests","Vern9":{"Allocs":1194715768,"Time":19.612256939},"Fixed timestep":{"Allocs":384880904,"Time":4.05157546}}