{"title_for_plotting":"FSSH Tests","RPSH":{"Allocs":573756488,"Time":6.821833962},"FSSH":{"Allocs":952692320,"Time":8.191993082}}