{"title_for_plotting":"IESH Tests","VerletwithElectronics":{"Allocs":566170696,"Time":5.023714248},"Tsit5":{"Allocs":453394080,"Time":3.640224649},"VerletwithElectronics2":{"Allocs":1385724952,"Time":9.940835929},"DecoherenceCorrectionEDC":{"Allocs":527281120,"Time":5.034897739}}