{"title_for_plotting":"NRPMD Tests","RingPolymerMInt":{"Allocs":3253103776,"Time":33.71959753},"Tsit5":{"Allocs":430401936,"Time":4.416581079}}