{"title_for_plotting":"RPEhrenfestNA Tests","Vern9":{"Allocs":1440592528,"Time":21.068699479},"Fixed Timestep":{"Allocs":484247904,"Time":4.883875355}}