{"title_for_plotting":"RPeCMM Tests","RPeCMM γ=0.5":{"Allocs":38404832,"Time":0.097969956},"RPeCMM γ=0.0":{"Allocs":400440064,"Time":3.427109927}}