{"title_for_plotting":"RPMDEF Tests","ThermalLangevin":{"Allocs":722639608,"Time":20.426445231},"RPMDEF":{"Allocs":519619184,"Time":20.858511347}}