{"title_for_plotting":"SpinMapping Tests","MInt":{"Allocs":20812384,"Time":0.25108997},"Tsit5":{"Allocs":20812384,"Time":0.25108997}}