{"title_for_plotting":"CMM Tests","eCMM γ=0.0":{"Allocs":481785824,"Time":5.419119508},"eCMM γ=0.5":{"Allocs":41518768,"Time":0.065519489}}