{"title_for_plotting":"NRPMD Tests","RingPolymerMInt":{"Allocs":2935558200,"Time":36.699608068},"Tsit5":{"Allocs":388488336,"Time":3.522801904}}