{"title_for_plotting":"RPeCMM Tests","RPeCMM γ=0.5":{"Allocs":1321463120,"Time":2.031972822},"RPeCMM γ=0.0":{"Allocs":1475238760,"Time":4.277437329}}