{"title_for_plotting":"SpinMapping Tests","MInt":{"Allocs":21626104,"Time":0.256293992},"Tsit5":{"Allocs":21626104,"Time":0.256293992}}