{"title_for_plotting":"BCBwithTsit5 Tests","Ehrenfest":{"Allocs":3546950264,"Time":40.355294886},"FSSH":{"Allocs":2541646952,"Time":22.102897345}}