{"title_for_plotting":"CMM Tests","eCMM γ=0.0":{"Allocs":467410808,"Time":4.933273653},"eCMM γ=0.5":{"Allocs":12455680,"Time":0.035465117}}