{"title_for_plotting":"EhrenfestNA Tests","Vern9":{"Allocs":2444598120,"Time":21.81889983},"Fixed timestep":{"Allocs":233843064,"Time":3.088043058}}