{"title_for_plotting":"Ehrenfest Tests","SpinBoson population":{"Allocs":4913588968,"Time":17.122001148},"TullyModelTwo Feagin12":{"Allocs":207497256,"Time":6.519179234},"TullyModelTwo":{"Allocs":1101438888,"Time":10.972558062},"Ehrenfest RPMD":{"Allocs":2689953832,"Time":33.867127935},"FermiDirac Vern9":{"Allocs":2309272064,"Time":19.542986347},"FermiDirac fixed timestep":{"Allocs":288140736,"Time":2.86329847}}