{"title_for_plotting":"FSSH Tests","RPSH":{"Allocs":598726704,"Time":11.942777312},"FSSH":{"Allocs":2352828864,"Time":42.011966619}}