{"title_for_plotting":"IESH Tests","VerletwithElectronics":{"Allocs":774706448,"Time":10.920017946},"Tsit5":{"Allocs":1772555848,"Time":27.191861888},"VerletwithElectronics2":{"Allocs":1619587792,"Time":15.081389791},"DecoherenceCorrectionEDC":{"Allocs":793302784,"Time":10.395360409}}