{"title_for_plotting":"NRPMD Tests","RingPolymerMInt":{"Allocs":2629776136,"Time":30.078601741},"Tsit5":{"Allocs":364543992,"Time":3.410463274}}