{"title_for_plotting":"RPEhrenfestNA Tests","Vern9":{"Allocs":2662653216,"Time":24.667760748},"Fixed Timestep":{"Allocs":334015256,"Time":4.363065692}}