{"title_for_plotting":"RPeCMM Tests","RPeCMM γ=0.5":{"Allocs":38412192,"Time":0.097748096},"RPeCMM γ=0.0":{"Allocs":191706592,"Time":2.511940158}}