{"title_for_plotting":"RPMDEF Tests","ThermalLangevin":{"Allocs":679781656,"Time":33.300355649},"RPMDEF":{"Allocs":680643008,"Time":34.931441188}}