{"title_for_plotting":"SpinMapping Tests","MInt":{"Allocs":19641720,"Time":0.242259385},"Tsit5":{"Allocs":19641720,"Time":0.242259385}}