{"title_for_plotting":"Classical Tests","Ring Polymer Classical":{"Allocs":4071368408,"Time":30.250497081},"Fermion model ring polymer adiabatic dynamics":{"Allocs":4217820216,"Time":16.616958877},"Classical":{"Allocs":2426972936,"Time":10.610409089},"Fermion model classical adiabatic dynamics":{"Allocs":1012877984,"Time":6.469335413}}