{"title_for_plotting":"CMM Tests","eCMM γ=0.0":{"Allocs":519844520,"Time":6.300941235},"eCMM γ=0.5":{"Allocs":13287656,"Time":0.03785092}}