{"title_for_plotting":"EhrenfestNA Tests","Vern9":{"Allocs":1194615896,"Time":19.401041794},"Fixed timestep":{"Allocs":384843736,"Time":4.048568063}}