{"title_for_plotting":"Ehrenfest Tests","SpinBoson population":{"Allocs":5077487080,"Time":18.660744248},"TullyModelTwo Feagin12":{"Allocs":464625760,"Time":7.415063261},"TullyModelTwo":{"Allocs":1512704136,"Time":13.508705182},"Ehrenfest RPMD":{"Allocs":3220717128,"Time":36.637641016},"FermiDirac Vern9":{"Allocs":1053029360,"Time":16.852670084},"FermiDirac fixed timestep":{"Allocs":421519584,"Time":3.844347496}}