{"title_for_plotting":"FSSH Tests","RPSH":{"Allocs":573793840,"Time":6.857258014},"FSSH":{"Allocs":952709752,"Time":8.302172494}}