{"title_for_plotting":"IESH Tests","VerletwithElectronics":{"Allocs":566239824,"Time":5.063741986},"Tsit5":{"Allocs":452550024,"Time":3.730880238},"VerletwithElectronics2":{"Allocs":1385806848,"Time":9.981103313},"DecoherenceCorrectionEDC":{"Allocs":528174312,"Time":5.001294846}}