{"title_for_plotting":"BCBwithTsit5 Tests","Ehrenfest":{"Allocs":4421870240,"Time":46.782823615},"FSSH":{"Allocs":1279550056,"Time":10.337518248}}