{"title_for_plotting":"CMM Tests","eCMM γ=0.0":{"Allocs":518208280,"Time":6.302816692},"eCMM γ=0.5":{"Allocs":18705680,"Time":0.055908211}}