{"title_for_plotting":"EhrenfestNA Tests","Vern9":{"Allocs":1194536656,"Time":19.755328815},"Fixed timestep":{"Allocs":384669144,"Time":4.050930371}}