{"title_for_plotting":"Ehrenfest Tests","SpinBoson population":{"Allocs":5077268696,"Time":18.649561251},"TullyModelTwo Feagin12":{"Allocs":464478384,"Time":7.273590353},"TullyModelTwo":{"Allocs":1511777960,"Time":13.397545052},"Ehrenfest RPMD":{"Allocs":3219045168,"Time":37.381256605},"FermiDirac Vern9":{"Allocs":1052806544,"Time":17.04284578},"FermiDirac fixed timestep":{"Allocs":421437072,"Time":3.820148586}}