{"title_for_plotting":"NRPMD Tests","RingPolymerMInt":{"Allocs":3260007872,"Time":34.502333819},"Tsit5":{"Allocs":430522480,"Time":4.432971571}}