{"title_for_plotting":"NRPMD Tests","RingPolymerMInt":{"Allocs":3176761080,"Time":32.639144692},"Tsit5":{"Allocs":430623840,"Time":4.342216573}}