{"title_for_plotting":"RPEhrenfestNA Tests","Vern9":{"Allocs":1435768296,"Time":20.907704922},"Fixed Timestep":{"Allocs":484242304,"Time":4.845524799}}