{"title_for_plotting":"RPeCMM Tests","RPeCMM γ=0.5":{"Allocs":38427104,"Time":0.09905099},"RPeCMM γ=0.0":{"Allocs":400705136,"Time":3.435886887}}