{"title_for_plotting":"RPeCMM Tests","RPeCMM γ=0.5":{"Allocs":38413104,"Time":0.099907397},"RPeCMM γ=0.0":{"Allocs":400477416,"Time":3.123511547}}