{"title_for_plotting":"RPMDEF Tests","ThermalLangevin":{"Allocs":722517624,"Time":21.506878042},"RPMDEF":{"Allocs":519584216,"Time":23.116284538}}