{"title_for_plotting":"SpinMapping Tests","MInt":{"Allocs":20872264,"Time":0.247034472},"Tsit5":{"Allocs":20872264,"Time":0.247034472}}