{"title_for_plotting":"BCBwithTsit5 Tests","Ehrenfest":{"Allocs":3018066392,"Time":32.791619755},"FSSH":{"Allocs":2737987456,"Time":20.645767153}}