{"title_for_plotting":"FSSH Tests","RPSH":{"Allocs":1044742392,"Time":11.813320894},"FSSH":{"Allocs":946111280,"Time":10.995796899}}