{"title_for_plotting":"IESH Tests","VerletwithElectronics":{"Allocs":980255784,"Time":10.614585694},"Tsit5":{"Allocs":3103358976,"Time":34.443325831},"DecoherenceCorrectionEDC":{"Allocs":1674192200,"Time":11.46498707}}