{"title_for_plotting":"BCBwithTsit5 Tests","Ehrenfest":{"Allocs":3017999008,"Time":33.3683614},"FSSH":{"Allocs":2737900184,"Time":21.020926474}}