{"title_for_plotting":"FSSH Tests","RPSH":{"Allocs":1044739032,"Time":12.633321654},"FSSH":{"Allocs":946093968,"Time":11.207591031}}