{"title_for_plotting":"IESH Tests","VerletwithElectronics":{"Allocs":980664776,"Time":11.613715338},"Tsit5":{"Allocs":3257707256,"Time":34.530010015},"DecoherenceCorrectionEDC":{"Allocs":1674245512,"Time":11.825014038}}