{"title_for_plotting":"CMM Tests","eCMM γ=0.0":{"Allocs":480197112,"Time":5.96231935},"eCMM γ=0.5":{"Allocs":35705328,"Time":0.057651524}}