{"title_for_plotting":"NRPMD Tests","RingPolymerMInt":{"Allocs":2833434184,"Time":34.294064813},"Tsit5":{"Allocs":388289296,"Time":3.676478807}}