{"title_for_plotting":"RPeCMM Tests","RPeCMM γ=0.5":{"Allocs":845408128,"Time":1.694305577},"RPeCMM γ=0.0":{"Allocs":1003621160,"Time":4.069383777}}