{"title_for_plotting":"SpinMapping Tests","MInt":{"Allocs":21519496,"Time":0.274248871},"Tsit5":{"Allocs":21519496,"Time":0.274248871}}