{"title_for_plotting":"BCBwithTsit5 Tests","Ehrenfest":{"Allocs":3018589344,"Time":34.118181919},"FSSH":{"Allocs":2743834624,"Time":21.908125889}}