{"title_for_plotting":"FSSH Tests","RPSH":{"Allocs":1045051472,"Time":12.695694805},"FSSH":{"Allocs":946085608,"Time":11.212272129}}