{"title_for_plotting":"IESH Tests","VerletwithElectronics":{"Allocs":980370712,"Time":12.230899437},"Tsit5":{"Allocs":86297594928,"Time":118.678716944},"DecoherenceCorrectionEDC":{"Allocs":1674719488,"Time":11.280629804}}