{"title_for_plotting":"CMM Tests","eCMM γ=0.0":{"Allocs":478897064,"Time":5.155317567},"eCMM γ=0.5":{"Allocs":41692864,"Time":0.066573741}}