{"title_for_plotting":"NRPMD Tests","RingPolymerMInt":{"Allocs":2832495264,"Time":32.873321027},"Tsit5":{"Allocs":388392376,"Time":3.361869402}}