{"title_for_plotting":"RPeCMM Tests","RPeCMM γ=0.5":{"Allocs":845395584,"Time":1.688281632},"RPeCMM γ=0.0":{"Allocs":1003578600,"Time":3.898575113}}