{"title_for_plotting":"SpinMapping Tests","MInt":{"Allocs":21507240,"Time":0.242981786},"Tsit5":{"Allocs":21507240,"Time":0.242981786}}