{"title_for_plotting":"BCBwithTsit5 Tests","Ehrenfest":{"Allocs":3018460576,"Time":32.794439039},"FSSH":{"Allocs":2744078920,"Time":20.660484891}}