{"title_for_plotting":"FSSH Tests","RPSH":{"Allocs":1045058608,"Time":11.85138521},"FSSH":{"Allocs":945996296,"Time":10.665068914}}