{"title_for_plotting":"IESH Tests","VerletwithElectronics":{"Allocs":980302904,"Time":10.747727602},"Tsit5":{"Allocs":3196661040,"Time":36.485132841},"DecoherenceCorrectionEDC":{"Allocs":1674638848,"Time":10.848211319}}