{"title_for_plotting":"CMM Tests","eCMM γ=0.0":{"Allocs":480381072,"Time":5.260708849},"eCMM γ=0.5":{"Allocs":37363232,"Time":0.099937936}}