{"title_for_plotting":"NRPMD Tests","RingPolymerMInt":{"Allocs":2936450368,"Time":36.162255693},"Tsit5":{"Allocs":388480664,"Time":3.43236875}}