{"title_for_plotting":"RPeCMM Tests","RPeCMM γ=0.5":{"Allocs":1321452832,"Time":2.08494202},"RPeCMM γ=0.0":{"Allocs":1475287120,"Time":4.330421939}}