{"title_for_plotting":"SpinMapping Tests","MInt":{"Allocs":21609000,"Time":0.24787658},"Tsit5":{"Allocs":21609000,"Time":0.24787658}}