{"title_for_plotting":"BCBwithTsit5 Tests","Ehrenfest":{"Allocs":4439269640,"Time":50.742787006},"FSSH":{"Allocs":1280079784,"Time":11.525606646}}