{"title_for_plotting":"CMM Tests","eCMM γ=0.0":{"Allocs":517056016,"Time":6.536347734},"eCMM γ=0.5":{"Allocs":7492880,"Time":0.025859715}}