{"title_for_plotting":"Ehrenfest Tests","SpinBoson population":{"Allocs":5082994176,"Time":19.709252606},"TullyModelTwo Feagin12":{"Allocs":465320944,"Time":7.839216354},"TullyModelTwo":{"Allocs":1517893888,"Time":14.884465719},"Ehrenfest RPMD":{"Allocs":3228049312,"Time":40.345825804},"FermiDirac Vern9":{"Allocs":1050100288,"Time":18.122286484},"FermiDirac fixed timestep":{"Allocs":420530896,"Time":4.036879522}}