{"title_for_plotting":"EhrenfestNA Tests","Vern9":{"Allocs":1192574032,"Time":20.971084408},"Fixed timestep":{"Allocs":384107920,"Time":4.660524494}}