{"title_for_plotting":"FSSH Tests","RPSH":{"Allocs":569509960,"Time":7.99694193},"FSSH":{"Allocs":954005104,"Time":9.272769029}}