{"title_for_plotting":"IESH Tests","VerletwithElectronics":{"Allocs":565557120,"Time":5.580626829},"Tsit5":{"Allocs":448296048,"Time":4.349149633},"VerletwithElectronics2":{"Allocs":1386193280,"Time":10.559369024},"DecoherenceCorrectionEDC":{"Allocs":526308880,"Time":5.663609559}}