{"title_for_plotting":"NRPMD Tests","RingPolymerMInt":{"Allocs":3269939376,"Time":36.816189528},"Tsit5":{"Allocs":432298032,"Time":4.678335758}}