{"title_for_plotting":"RPEhrenfestNA Tests","Vern9":{"Allocs":1422389384,"Time":23.304897464},"Fixed Timestep":{"Allocs":483312808,"Time":5.476242785}}