{"title_for_plotting":"RPeCMM Tests","RPeCMM γ=0.5":{"Allocs":38476048,"Time":0.107534458},"RPeCMM γ=0.0":{"Allocs":399772272,"Time":3.308861603}}