{"title_for_plotting":"RPMDEF Tests","ThermalLangevin":{"Allocs":722339248,"Time":23.401241569},"RPMDEF":{"Allocs":518987904,"Time":23.527625941}}