{"title_for_plotting":"SpinMapping Tests","MInt":{"Allocs":20797080,"Time":0.273972397},"Tsit5":{"Allocs":20797080,"Time":0.273972397}}