{"title_for_plotting":"BCBwithTsit5 Tests","Ehrenfest":{"Allocs":3016941712,"Time":33.153171397},"FSSH":{"Allocs":2737331224,"Time":21.088280472}}