{"title_for_plotting":"Classical Tests","Ring Polymer Classical":{"Allocs":4068642184,"Time":31.380993154},"Fermion model ring polymer adiabatic dynamics":{"Allocs":4217923936,"Time":15.101952802},"Classical":{"Allocs":2427240624,"Time":11.435909715},"Fermion model classical adiabatic dynamics":{"Allocs":1012794856,"Time":6.516158053}}