{"title_for_plotting":"FSSH Tests","RPSH":{"Allocs":1045077104,"Time":11.89131334},"FSSH":{"Allocs":946274552,"Time":11.162379233}}