{"title_for_plotting":"IESH Tests","VerletwithElectronics":{"Allocs":980667616,"Time":11.151083351},"Tsit5":{"Allocs":3130367552,"Time":35.097655876},"DecoherenceCorrectionEDC":{"Allocs":1674656408,"Time":10.860894818}}