{"title_for_plotting":"BCBwithTsit5 Tests","Ehrenfest":{"Allocs":3016081928,"Time":32.364512286},"FSSH":{"Allocs":2743830544,"Time":20.23553487}}