{"title_for_plotting":"Classical Tests","Ring Polymer Classical":{"Allocs":4068288896,"Time":32.879701987},"Fermion model ring polymer adiabatic dynamics":{"Allocs":4218280376,"Time":15.706846429},"Classical":{"Allocs":2428745600,"Time":12.134667525},"Fermion model classical adiabatic dynamics":{"Allocs":1012999800,"Time":6.411285645}}