{"title_for_plotting":"FSSH Tests","RPSH":{"Allocs":1045053352,"Time":11.895828574},"FSSH":{"Allocs":946092104,"Time":10.171036134}}