{"title_for_plotting":"IESH Tests","VerletwithElectronics":{"Allocs":980392080,"Time":10.713752074},"Tsit5":{"Allocs":6918572144,"Time":36.806990549},"DecoherenceCorrectionEDC":{"Allocs":1674696824,"Time":10.473986929}}