{"title_for_plotting":"BCBwithTsit5 Tests","Ehrenfest":{"Allocs":4421947576,"Time":44.944237826},"FSSH":{"Allocs":1280532480,"Time":10.211414087}}