{"title_for_plotting":"CMM Tests","eCMM γ=0.0":{"Allocs":514336704,"Time":5.862851167},"eCMM γ=0.5":{"Allocs":13195328,"Time":0.037269662}}