{"title_for_plotting":"Ehrenfest Tests","SpinBoson population":{"Allocs":5082849288,"Time":18.247845772},"TullyModelTwo Feagin12":{"Allocs":464374560,"Time":7.065051919},"TullyModelTwo":{"Allocs":1511233928,"Time":13.114376175},"Ehrenfest RPMD":{"Allocs":3150566352,"Time":35.162195994},"FermiDirac Vern9":{"Allocs":1052795448,"Time":16.07219414},"FermiDirac fixed timestep":{"Allocs":421340584,"Time":3.652367835}}