{"title_for_plotting":"EhrenfestNA Tests","Vern9":{"Allocs":1194459544,"Time":18.677333317},"Fixed timestep":{"Allocs":384698760,"Time":3.890128779}}