{"title_for_plotting":"FSSH Tests","RPSH":{"Allocs":573944200,"Time":6.636669965},"FSSH":{"Allocs":952630824,"Time":8.141158102}}