{"title_for_plotting":"IESH Tests","VerletwithElectronics":{"Allocs":566315216,"Time":4.886080825},"Tsit5":{"Allocs":452527472,"Time":3.477587546},"VerletwithElectronics2":{"Allocs":1386743856,"Time":9.763678517},"DecoherenceCorrectionEDC":{"Allocs":528450368,"Time":4.941107418}}