{"title_for_plotting":"NRPMD Tests","RingPolymerMInt":{"Allocs":3251635848,"Time":32.246596282},"Tsit5":{"Allocs":430532608,"Time":4.17398961}}