{"title_for_plotting":"RPEhrenfestNA Tests","Vern9":{"Allocs":1444638392,"Time":20.100278181},"Fixed Timestep":{"Allocs":484107120,"Time":4.708191768}}