{"title_for_plotting":"RPeCMM Tests","RPeCMM γ=0.5":{"Allocs":38413104,"Time":0.099451114},"RPeCMM γ=0.0":{"Allocs":400529088,"Time":2.964799097}}