{"title_for_plotting":"RPMDEF Tests","ThermalLangevin":{"Allocs":722637104,"Time":22.820348034},"RPMDEF":{"Allocs":519636520,"Time":23.906538429}}