{"title_for_plotting":"SpinMapping Tests","MInt":{"Allocs":20821064,"Time":0.242084971},"Tsit5":{"Allocs":20821064,"Time":0.242084971}}