{"title_for_plotting":"CMM Tests","eCMM γ=0.0":{"Allocs":467618152,"Time":5.308704584},"eCMM γ=0.5":{"Allocs":14872864,"Time":0.043553202}}