{"title_for_plotting":"Ehrenfest Tests","SpinBoson population":{"Allocs":4910808552,"Time":17.361030737},"TullyModelTwo Feagin12":{"Allocs":207456192,"Time":6.787070831},"TullyModelTwo":{"Allocs":1101996136,"Time":11.669834154},"Ehrenfest RPMD":{"Allocs":2690877016,"Time":34.083592316},"FermiDirac Vern9":{"Allocs":2309338680,"Time":20.839722292},"FermiDirac fixed timestep":{"Allocs":288169056,"Time":2.957267489}}