{"title_for_plotting":"EhrenfestNA Tests","Vern9":{"Allocs":2444521600,"Time":22.82234505},"Fixed timestep":{"Allocs":233691944,"Time":3.137355949}}