{"title_for_plotting":"NRPMD Tests","RingPolymerMInt":{"Allocs":2628897728,"Time":31.961221292},"Tsit5":{"Allocs":364595896,"Time":3.564400003}}