{"title_for_plotting":"RPEhrenfestNA Tests","Vern9":{"Allocs":2686235192,"Time":25.76535884},"Fixed Timestep":{"Allocs":333954136,"Time":3.989538349}}