{"title_for_plotting":"RPeCMM Tests","RPeCMM γ=0.5":{"Allocs":38420464,"Time":0.098771517},"RPeCMM γ=0.0":{"Allocs":191690208,"Time":2.318524388}}