{"title_for_plotting":"RPMDEF Tests","ThermalLangevin":{"Allocs":679714984,"Time":35.704732711},"RPMDEF":{"Allocs":680643560,"Time":35.655181504}}