{"title_for_plotting":"SpinMapping Tests","MInt":{"Allocs":19640200,"Time":0.253773164},"Tsit5":{"Allocs":19640200,"Time":0.253773164}}