{"title_for_plotting":"CMM Tests","eCMM γ=0.0":{"Allocs":467715688,"Time":4.974481374},"eCMM γ=0.5":{"Allocs":15227824,"Time":0.043229783}}