{"title_for_plotting":"Ehrenfest Tests","SpinBoson population":{"Allocs":4918175472,"Time":16.957131214},"TullyModelTwo Feagin12":{"Allocs":207457752,"Time":6.453116503},"TullyModelTwo":{"Allocs":1103542480,"Time":10.926865582},"Ehrenfest RPMD":{"Allocs":2690058408,"Time":33.948775203},"FermiDirac Vern9":{"Allocs":2309373568,"Time":19.162317434},"FermiDirac fixed timestep":{"Allocs":288138856,"Time":2.830087057}}