{"title_for_plotting":"EhrenfestNA Tests","Vern9":{"Allocs":2444487192,"Time":22.959246249},"Fixed timestep":{"Allocs":233762800,"Time":3.174762864}}