{"title_for_plotting":"NRPMD Tests","RingPolymerMInt":{"Allocs":2628775408,"Time":30.332482661},"Tsit5":{"Allocs":364620200,"Time":3.376331681}}