{"title_for_plotting":"RPEhrenfestNA Tests","Vern9":{"Allocs":2653029744,"Time":24.602500225},"Fixed Timestep":{"Allocs":333947208,"Time":4.347741673}}