{"title_for_plotting":"RPeCMM Tests","RPeCMM γ=0.5":{"Allocs":38412192,"Time":0.131563932},"RPeCMM γ=0.0":{"Allocs":191694008,"Time":2.271012223}}