{"title_for_plotting":"SpinMapping Tests","MInt":{"Allocs":19641592,"Time":0.241070456},"Tsit5":{"Allocs":19641592,"Time":0.241070456}}