{"title_for_plotting":"CMM Tests","eCMM γ=0.0":{"Allocs":487201936,"Time":5.081062521},"eCMM γ=0.5":{"Allocs":41358704,"Time":0.064477612}}