{"title_for_plotting":"NRPMD Tests","RingPolymerMInt":{"Allocs":2833528904,"Time":33.522166278},"Tsit5":{"Allocs":388419272,"Time":3.415362743}}