{"title_for_plotting":"RPeCMM Tests","RPeCMM γ=0.5":{"Allocs":845395584,"Time":2.064344866},"RPeCMM γ=0.0":{"Allocs":1003623368,"Time":3.953977295}}