{"title_for_plotting":"SpinMapping Tests","MInt":{"Allocs":21507928,"Time":0.245657908},"Tsit5":{"Allocs":21507928,"Time":0.245657908}}