{"title_for_plotting":"BCBwithTsit5 Tests","Ehrenfest":{"Allocs":3014956256,"Time":32.912957654},"FSSH":{"Allocs":2736172552,"Time":20.301757055}}