{"title_for_plotting":"FSSH Tests","RPSH":{"Allocs":1044097480,"Time":12.681790827},"FSSH":{"Allocs":946659360,"Time":10.75320379}}