{"title_for_plotting":"IESH Tests","VerletwithElectronics":{"Allocs":979744464,"Time":10.985966146},"Tsit5":{"Allocs":3101485416,"Time":35.521847008},"DecoherenceCorrectionEDC":{"Allocs":1672917680,"Time":11.147811361}}