{"title_for_plotting":"CMM Tests","eCMM γ=0.0":{"Allocs":495812336,"Time":5.039445352},"eCMM γ=0.5":{"Allocs":39695584,"Time":0.063872113}}