{"title_for_plotting":"NRPMD Tests","RingPolymerMInt":{"Allocs":2889933904,"Time":35.207861136},"Tsit5":{"Allocs":388655400,"Time":3.429415466}}