{"title_for_plotting":"RPeCMM Tests","RPeCMM γ=0.5":{"Allocs":959836016,"Time":1.788788879},"RPeCMM γ=0.0":{"Allocs":1113605192,"Time":3.99905034}}