{"title_for_plotting":"SpinMapping Tests","MInt":{"Allocs":21696832,"Time":0.240994204},"Tsit5":{"Allocs":21696832,"Time":0.240994204}}