{"title_for_plotting":"CMM Tests","eCMM γ=0.0":{"Allocs":486113976,"Time":5.396811173},"eCMM γ=0.5":{"Allocs":42989488,"Time":0.06729466}}