{"title_for_plotting":"NRPMD Tests","RingPolymerMInt":{"Allocs":2832424184,"Time":34.006194282},"Tsit5":{"Allocs":389395344,"Time":3.546458486}}