{"title_for_plotting":"RPeCMM Tests","RPeCMM γ=0.5":{"Allocs":845395584,"Time":1.688838238},"RPeCMM γ=0.0":{"Allocs":1003618896,"Time":3.96483482}}