{"title_for_plotting":"SpinMapping Tests","MInt":{"Allocs":21508920,"Time":0.247236065},"Tsit5":{"Allocs":21508920,"Time":0.247236065}}