{"title_for_plotting":"BCBwithTsit5 Tests","Ehrenfest":{"Allocs":3016828816,"Time":34.291883534},"FSSH":{"Allocs":2738201016,"Time":22.679332259}}