{"title_for_plotting":"FSSH Tests","RPSH":{"Allocs":1045034032,"Time":14.190736477},"FSSH":{"Allocs":946258000,"Time":11.566786696}}