{"title_for_plotting":"IESH Tests","VerletwithElectronics":{"Allocs":980730144,"Time":11.754546719},"Tsit5":{"Allocs":3190221968,"Time":38.393812242},"DecoherenceCorrectionEDC":{"Allocs":1674296408,"Time":12.963116798}}