{"title_for_plotting":"CMM Tests","eCMM γ=0.0":{"Allocs":465329368,"Time":4.913885894},"eCMM γ=0.5":{"Allocs":14566512,"Time":0.042014015}}