{"title_for_plotting":"EhrenfestNA Tests","Vern9":{"Allocs":2444569104,"Time":27.634468574},"Fixed timestep":{"Allocs":233696288,"Time":3.778611903}}