{"title_for_plotting":"Ehrenfest Tests","SpinBoson population":{"Allocs":4921846448,"Time":19.926988461},"TullyModelTwo Feagin12":{"Allocs":207522288,"Time":7.827806711},"TullyModelTwo":{"Allocs":1103957088,"Time":13.170313117},"Ehrenfest RPMD":{"Allocs":2690664296,"Time":41.06400953},"FermiDirac Vern9":{"Allocs":2309659056,"Time":25.691336907},"FermiDirac fixed timestep":{"Allocs":288172576,"Time":3.365084443}}