{"title_for_plotting":"NRPMD Tests","RingPolymerMInt":{"Allocs":2628801560,"Time":30.257264828},"Tsit5":{"Allocs":364561912,"Time":3.331278204}}