{"title_for_plotting":"RPEhrenfestNA Tests","Vern9":{"Allocs":2653247104,"Time":29.113618561},"Fixed Timestep":{"Allocs":333967736,"Time":4.397113128}}