{"title_for_plotting":"RPeCMM Tests","RPeCMM γ=0.5":{"Allocs":38399648,"Time":0.130148367},"RPeCMM γ=0.0":{"Allocs":191691544,"Time":2.24084988}}