{"title_for_plotting":"SpinMapping Tests","MInt":{"Allocs":19629128,"Time":0.26633989},"Tsit5":{"Allocs":19629128,"Time":0.26633989}}