{"title_for_plotting":"BCBwithTsit5 Tests","Ehrenfest":{"Allocs":4420116176,"Time":44.99983934},"FSSH":{"Allocs":1279839568,"Time":10.381731599}}