{"title_for_plotting":"CMM Tests","eCMM γ=0.0":{"Allocs":518080792,"Time":5.854759864},"eCMM γ=0.5":{"Allocs":13360496,"Time":0.037501018}}