{"title_for_plotting":"Ehrenfest Tests","SpinBoson population":{"Allocs":5080040888,"Time":18.221434339},"TullyModelTwo Feagin12":{"Allocs":464466320,"Time":7.205541619},"TullyModelTwo":{"Allocs":1511736976,"Time":13.253883163},"Ehrenfest RPMD":{"Allocs":3222060920,"Time":36.026759572},"FermiDirac Vern9":{"Allocs":1052949448,"Time":16.328635171},"FermiDirac fixed timestep":{"Allocs":421464688,"Time":3.693530101}}