{"title_for_plotting":"EhrenfestNA Tests","Vern9":{"Allocs":1194675632,"Time":19.168167219},"Fixed timestep":{"Allocs":384745136,"Time":3.983879635}}