{"title_for_plotting":"FSSH Tests","RPSH":{"Allocs":573792608,"Time":6.630949358},"FSSH":{"Allocs":952626600,"Time":8.191613451}}