{"title_for_plotting":"IESH Tests","VerletwithElectronics":{"Allocs":566144424,"Time":4.984249764},"Tsit5":{"Allocs":452324424,"Time":3.649973833},"VerletwithElectronics2":{"Allocs":1385483760,"Time":9.91785755},"DecoherenceCorrectionEDC":{"Allocs":528376456,"Time":4.975108202}}