{"title_for_plotting":"NRPMD Tests","RingPolymerMInt":{"Allocs":3254884648,"Time":32.339642903},"Tsit5":{"Allocs":430523720,"Time":4.141106644}}