{"title_for_plotting":"RPEhrenfestNA Tests","Vern9":{"Allocs":1451824184,"Time":20.753064341},"Fixed Timestep":{"Allocs":484305312,"Time":4.8036217}}