{"title_for_plotting":"RPeCMM Tests","RPeCMM γ=0.5":{"Allocs":38427104,"Time":0.104670974},"RPeCMM γ=0.0":{"Allocs":400499536,"Time":3.064404193}}