{"title_for_plotting":"RPMDEF Tests","ThermalLangevin":{"Allocs":722558768,"Time":20.317922235},"RPMDEF":{"Allocs":519686856,"Time":20.791732438}}