{"title_for_plotting":"SpinMapping Tests","MInt":{"Allocs":20844312,"Time":0.280053022},"Tsit5":{"Allocs":20844312,"Time":0.280053022}}