{"title_for_plotting":"BCBwithTsit5 Tests","Ehrenfest":{"Allocs":3018112744,"Time":35.375564556},"FSSH":{"Allocs":2737116096,"Time":21.759307917}}