{"title_for_plotting":"Classical Tests","Ring Polymer Classical":{"Allocs":4070515184,"Time":30.229805124},"Fermion model ring polymer adiabatic dynamics":{"Allocs":4217847488,"Time":14.290620358},"Classical":{"Allocs":2427142160,"Time":10.967723979},"Fermion model classical adiabatic dynamics":{"Allocs":1012904584,"Time":6.255071941}}