{"title_for_plotting":"FSSH Tests","RPSH":{"Allocs":1044737816,"Time":12.569878093},"FSSH":{"Allocs":946129000,"Time":11.231907087}}