{"title_for_plotting":"IESH Tests","VerletwithElectronics":{"Allocs":980289344,"Time":11.514202676},"Tsit5":{"Allocs":164763020216,"Time":196.730469057},"DecoherenceCorrectionEDC":{"Allocs":1674182320,"Time":11.402989548}}