{"title_for_plotting":"BCBwithTsit5 Tests","Ehrenfest":{"Allocs":3535147064,"Time":40.386099072},"FSSH":{"Allocs":2536621184,"Time":21.416361364}}