{"title_for_plotting":"CMM Tests","eCMM γ=0.0":{"Allocs":458435496,"Time":4.81344086},"eCMM γ=0.5":{"Allocs":11778368,"Time":0.033137231}}