{"title_for_plotting":"Ehrenfest Tests","SpinBoson population":{"Allocs":4704170104,"Time":16.091478519},"TullyModelTwo Feagin12":{"Allocs":202138320,"Time":6.34474104},"TullyModelTwo":{"Allocs":1090628112,"Time":10.756497049},"Ehrenfest RPMD":{"Allocs":2687456296,"Time":32.927668095},"FermiDirac Vern9":{"Allocs":2302258152,"Time":19.10542587},"FermiDirac fixed timestep":{"Allocs":283694968,"Time":2.713963523}}