{"title_for_plotting":"EhrenfestNA Tests","Vern9":{"Allocs":2438563040,"Time":21.191768135},"Fixed timestep":{"Allocs":229281864,"Time":2.896039421}}