{"title_for_plotting":"FSSH Tests","RPSH":{"Allocs":595478704,"Time":11.952455324},"FSSH":{"Allocs":2348580408,"Time":42.029417121}}