{"title_for_plotting":"IESH Tests","VerletwithElectronics":{"Allocs":770833472,"Time":10.807987911},"Tsit5":{"Allocs":1773129888,"Time":27.253482415},"VerletwithElectronics2":{"Allocs":1617517824,"Time":15.334641037},"DecoherenceCorrectionEDC":{"Allocs":792634152,"Time":9.852016457}}