{"title_for_plotting":"NRPMD Tests","RingPolymerMInt":{"Allocs":2618199480,"Time":30.183641623},"Tsit5":{"Allocs":358032072,"Time":3.214224581}}