{"title_for_plotting":"RPEhrenfestNA Tests","Vern9":{"Allocs":2641937328,"Time":23.926836097},"Fixed Timestep":{"Allocs":328888216,"Time":3.698830735}}