{"title_for_plotting":"RPeCMM Tests","RPeCMM γ=0.5":{"Allocs":38053616,"Time":0.100109062},"RPeCMM γ=0.0":{"Allocs":187248008,"Time":2.111116755}}