{"title_for_plotting":"SpinMapping Tests","MInt":{"Allocs":20569896,"Time":0.246639321},"Tsit5":{"Allocs":20569896,"Time":0.246639321}}