{"title_for_plotting":"CMM Tests","eCMM γ=0.0":{"Allocs":465878272,"Time":4.938046733},"eCMM γ=0.5":{"Allocs":12958256,"Time":0.037385925}}