{"title_for_plotting":"EhrenfestNA Tests","Vern9":{"Allocs":2444867616,"Time":22.946065188},"Fixed timestep":{"Allocs":233716104,"Time":3.06620434}}