{"title_for_plotting":"Ehrenfest Tests","SpinBoson population":{"Allocs":4916005880,"Time":16.715947386},"TullyModelTwo Feagin12":{"Allocs":207489496,"Time":6.574663969},"TullyModelTwo":{"Allocs":1101280552,"Time":10.794972383},"Ehrenfest RPMD":{"Allocs":2689857520,"Time":34.972036015},"FermiDirac Vern9":{"Allocs":2309375720,"Time":22.024995881},"FermiDirac fixed timestep":{"Allocs":288107640,"Time":2.803406025}}