{"title_for_plotting":"NRPMD Tests","RingPolymerMInt":{"Allocs":2628644096,"Time":30.426012752},"Tsit5":{"Allocs":364640472,"Time":3.384184618}}