{"title_for_plotting":"RPEhrenfestNA Tests","Vern9":{"Allocs":2672077720,"Time":24.695103042},"Fixed Timestep":{"Allocs":333959632,"Time":3.92086528}}