{"title_for_plotting":"RPeCMM Tests","RPeCMM γ=0.5":{"Allocs":38409376,"Time":0.131403228},"RPeCMM γ=0.0":{"Allocs":191668328,"Time":2.246491038}}