{"title_for_plotting":"RPMDEF Tests","ThermalLangevin":{"Allocs":679828504,"Time":33.33174021},"RPMDEF":{"Allocs":680656216,"Time":34.37147546}}