{"title_for_plotting":"SpinMapping Tests","MInt":{"Allocs":19638664,"Time":0.243489252},"Tsit5":{"Allocs":19638664,"Time":0.243489252}}