{"title_for_plotting":"BCBwithTsit5 Tests","Ehrenfest":{"Allocs":4348089376,"Time":46.941564147},"FSSH":{"Allocs":1281865520,"Time":10.865809292}}