{"title_for_plotting":"CMM Tests","eCMM γ=0.0":{"Allocs":514922568,"Time":5.845670859},"eCMM γ=0.5":{"Allocs":14273504,"Time":0.041628354}}