{"title_for_plotting":"EhrenfestNA Tests","Vern9":{"Allocs":1194577656,"Time":20.121599078},"Fixed timestep":{"Allocs":384683008,"Time":4.120292962}}