{"title_for_plotting":"Ehrenfest Tests","SpinBoson population":{"Allocs":5080737288,"Time":18.876866002},"TullyModelTwo Feagin12":{"Allocs":464472648,"Time":7.467247172},"TullyModelTwo":{"Allocs":1511418360,"Time":13.856848682},"Ehrenfest RPMD":{"Allocs":3218638096,"Time":37.533847347},"FermiDirac Vern9":{"Allocs":1052764032,"Time":18.170188827},"FermiDirac fixed timestep":{"Allocs":421439792,"Time":3.886293614}}