{"title_for_plotting":"FSSH Tests","RPSH":{"Allocs":573937816,"Time":7.160912071},"FSSH":{"Allocs":952781088,"Time":8.60198845}}