{"title_for_plotting":"IESH Tests","VerletwithElectronics":{"Allocs":566358000,"Time":5.108659523},"Tsit5":{"Allocs":450400616,"Time":3.773993057},"VerletwithElectronics2":{"Allocs":1387282176,"Time":10.286527797},"DecoherenceCorrectionEDC":{"Allocs":528396904,"Time":5.197189038}}