{"title_for_plotting":"NRPMD Tests","RingPolymerMInt":{"Allocs":3178081488,"Time":32.141222244},"Tsit5":{"Allocs":430530456,"Time":4.126982575}}