{"title_for_plotting":"RPEhrenfestNA Tests","Vern9":{"Allocs":1437524416,"Time":21.740611776},"Fixed Timestep":{"Allocs":484136528,"Time":4.874094199}}