{"title_for_plotting":"RPeCMM Tests","RPeCMM γ=0.5":{"Allocs":38413104,"Time":0.099685614},"RPeCMM γ=0.0":{"Allocs":400485168,"Time":3.220366775}}