{"title_for_plotting":"RPMDEF Tests","ThermalLangevin":{"Allocs":722598744,"Time":22.032517915},"RPMDEF":{"Allocs":519611744,"Time":24.101674097}}