{"title_for_plotting":"SpinMapping Tests","MInt":{"Allocs":20833728,"Time":0.237787326},"Tsit5":{"Allocs":20833728,"Time":0.237787326}}