{"title_for_plotting":"BCBwithTsit5 Tests","Ehrenfest":{"Allocs":3015887904,"Time":33.09940868},"FSSH":{"Allocs":2737340104,"Time":20.825637866}}