{"title_for_plotting":"FSSH Tests","RPSH":{"Allocs":1045057640,"Time":11.92809055},"FSSH":{"Allocs":946233448,"Time":11.458366988}}