{"title_for_plotting":"IESH Tests","VerletwithElectronics":{"Allocs":980921768,"Time":11.254584024},"Tsit5":{"Allocs":112156667216,"Time":142.711618093},"DecoherenceCorrectionEDC":{"Allocs":1674397704,"Time":10.736522067}}