{"title_for_plotting":"BCBwithTsit5 Tests","Ehrenfest":{"Allocs":4417289944,"Time":51.466068766},"FSSH":{"Allocs":1280026992,"Time":11.401579351}}