{"title_for_plotting":"CMM Tests","eCMM γ=0.0":{"Allocs":519320968,"Time":6.053136936},"eCMM γ=0.5":{"Allocs":10588904,"Time":0.032487059}}