{"title_for_plotting":"Ehrenfest Tests","SpinBoson population":{"Allocs":5082982296,"Time":18.315629191},"TullyModelTwo Feagin12":{"Allocs":464518824,"Time":7.15799596},"TullyModelTwo":{"Allocs":1511728808,"Time":13.378194749},"Ehrenfest RPMD":{"Allocs":3220170280,"Time":35.166238868},"FermiDirac Vern9":{"Allocs":1052843408,"Time":16.423212019},"FermiDirac fixed timestep":{"Allocs":421492696,"Time":3.633403396}}