{"title_for_plotting":"EhrenfestNA Tests","Vern9":{"Allocs":1194528880,"Time":18.878363547},"Fixed timestep":{"Allocs":384693576,"Time":4.080626079}}