{"title_for_plotting":"FSSH Tests","RPSH":{"Allocs":573784336,"Time":7.211586852},"FSSH":{"Allocs":952648208,"Time":9.036680382}}