{"title_for_plotting":"IESH Tests","VerletwithElectronics":{"Allocs":576825872,"Time":5.103714645},"Tsit5":{"Allocs":456645880,"Time":3.778261366},"VerletwithElectronics2":{"Allocs":1385316808,"Time":10.13510789},"DecoherenceCorrectionEDC":{"Allocs":517668888,"Time":5.184447253}}