{"title_for_plotting":"NRPMD Tests","RingPolymerMInt":{"Allocs":3254506136,"Time":33.194245476},"Tsit5":{"Allocs":430482904,"Time":4.196645649}}