{"title_for_plotting":"RPEhrenfestNA Tests","Vern9":{"Allocs":1414002168,"Time":20.299306369},"Fixed Timestep":{"Allocs":484164240,"Time":4.78103656}}