{"title_for_plotting":"RPeCMM Tests","RPeCMM γ=0.5":{"Allocs":38413104,"Time":0.098253202},"RPeCMM γ=0.0":{"Allocs":400538016,"Time":3.341648941}}