{"title_for_plotting":"RPMDEF Tests","ThermalLangevin":{"Allocs":722502456,"Time":20.224795531},"RPMDEF":{"Allocs":519619552,"Time":20.379931234}}