{"title_for_plotting":"SpinMapping Tests","MInt":{"Allocs":20811216,"Time":0.248839222},"Tsit5":{"Allocs":20811216,"Time":0.248839222}}