{"title_for_plotting":"CMM Tests","eCMM γ=0.0":{"Allocs":515798648,"Time":5.191482227},"eCMM γ=0.5":{"Allocs":65681000,"Time":0.105558607}}