{"title_for_plotting":"NRPMD Tests","RingPolymerMInt":{"Allocs":2890968352,"Time":36.043090143},"Tsit5":{"Allocs":388565480,"Time":3.561605451}}