{"title_for_plotting":"RPeCMM Tests","RPeCMM γ=0.5":{"Allocs":959836016,"Time":1.779305491},"RPeCMM γ=0.0":{"Allocs":1113567560,"Time":4.051703838}}