{"title_for_plotting":"SpinMapping Tests","MInt":{"Allocs":21629432,"Time":0.253728847},"Tsit5":{"Allocs":21629432,"Time":0.253728847}}