{"title_for_plotting":"CMM Tests","eCMM γ=0.0":{"Allocs":465708664,"Time":5.482974895},"eCMM γ=0.5":{"Allocs":12995904,"Time":0.037956294}}