{"title_for_plotting":"Ehrenfest Tests","SpinBoson population":{"Allocs":4923632080,"Time":17.823955695},"TullyModelTwo Feagin12":{"Allocs":207496880,"Time":6.957978951},"TullyModelTwo":{"Allocs":1101976528,"Time":11.547573787},"Ehrenfest RPMD":{"Allocs":2690094376,"Time":37.460679102},"FermiDirac Vern9":{"Allocs":2309405176,"Time":20.526058683},"FermiDirac fixed timestep":{"Allocs":288167000,"Time":3.00208839}}