{"title_for_plotting":"EhrenfestNA Tests","Vern9":{"Allocs":2444493000,"Time":25.028896791},"Fixed timestep":{"Allocs":233715504,"Time":3.321067035}}