{"title_for_plotting":"NRPMD Tests","RingPolymerMInt":{"Allocs":2629667232,"Time":31.458704891},"Tsit5":{"Allocs":364618576,"Time":3.49281595}}