{"title_for_plotting":"RPEhrenfestNA Tests","Vern9":{"Allocs":2640953584,"Time":26.384561062},"Fixed Timestep":{"Allocs":333958632,"Time":4.294202184}}