{"title_for_plotting":"RPeCMM Tests","RPeCMM γ=0.5":{"Allocs":38399648,"Time":0.098543774},"RPeCMM γ=0.0":{"Allocs":191689392,"Time":2.327008089}}