{"title_for_plotting":"SpinMapping Tests","MInt":{"Allocs":19629864,"Time":0.24868241},"Tsit5":{"Allocs":19629864,"Time":0.24868241}}