{"title_for_plotting":"BCBwithTsit5 Tests","Ehrenfest":{"Allocs":3548993928,"Time":41.621354948},"FSSH":{"Allocs":2541536160,"Time":23.586473473}}