{"title_for_plotting":"CMM Tests","eCMM γ=0.0":{"Allocs":466578024,"Time":5.245515033},"eCMM γ=0.5":{"Allocs":16588496,"Time":0.050637769}}