{"title_for_plotting":"Ehrenfest Tests","SpinBoson population":{"Allocs":4910580936,"Time":17.456419066},"TullyModelTwo Feagin12":{"Allocs":207503784,"Time":6.48685864},"TullyModelTwo":{"Allocs":1104203736,"Time":11.093005297},"Ehrenfest RPMD":{"Allocs":2690263712,"Time":34.081828188},"FermiDirac Vern9":{"Allocs":2309317032,"Time":19.353763056},"FermiDirac fixed timestep":{"Allocs":288078712,"Time":2.860527406}}