{"title_for_plotting":"EhrenfestNA Tests","Vern9":{"Allocs":2444527184,"Time":21.984206521},"Fixed timestep":{"Allocs":233688000,"Time":3.07710249}}