{"title_for_plotting":"FSSH Tests","RPSH":{"Allocs":598718400,"Time":12.958036754},"FSSH":{"Allocs":2352719096,"Time":46.900386674}}