{"title_for_plotting":"IESH Tests","VerletwithElectronics":{"Allocs":773801872,"Time":11.792348434},"Tsit5":{"Allocs":1781710712,"Time":30.662139568},"VerletwithElectronics2":{"Allocs":1621242488,"Time":16.278354356},"DecoherenceCorrectionEDC":{"Allocs":793341512,"Time":11.327630964}}