{"title_for_plotting":"NRPMD Tests","RingPolymerMInt":{"Allocs":2629677888,"Time":29.284436019},"Tsit5":{"Allocs":364629064,"Time":3.277384346}}