{"title_for_plotting":"RPEhrenfestNA Tests","Vern9":{"Allocs":2662724904,"Time":24.869143769},"Fixed Timestep":{"Allocs":333950520,"Time":3.979864659}}