{"title_for_plotting":"RPeCMM Tests","RPeCMM γ=0.5":{"Allocs":38409376,"Time":0.129719371},"RPeCMM γ=0.0":{"Allocs":191742400,"Time":2.402971395}}