{"title_for_plotting":"RPMDEF Tests","ThermalLangevin":{"Allocs":679683944,"Time":31.012764585},"RPMDEF":{"Allocs":680708296,"Time":32.217279119}}