{"title_for_plotting":"SpinMapping Tests","MInt":{"Allocs":19638456,"Time":0.257150954},"Tsit5":{"Allocs":19638456,"Time":0.257150954}}